col1,col2
0,0.46100797632421026
1,0.4872401506899056
2,0.4570514177531545
3,0.4658750092195443
4,0.46303716256467864
5,0.4906253191380719
6,0.44732218335829704
7,0.4668591512487518
8,0.4583389182495915
9,0.46765921266510074
10,0.41887080262515886
11,0.47464306179647786
12,0.4742737481277233
13,0.4208645290798611
14,0.46895943435968135
15,0.473193199805964
16,0.46058086320465685
17,0.46789169588553015
18,0.4680837106254539
19,0.4803346233603395
20,0.4769315477203613
21,0.48189117498127726
22,0.46965072288319265
23,0.47646480829021426
24,0.45728372367465503
25,0.4749299757880583
26,0.4767169273670116
27,0.4517406942884214
28,0.46476857525417575
29,0.4781581017100127
30,0.4676987060014978
31,0.4489063049626679
32,0.45607933205110746
33,0.4693090235226035
34,0.47427237406102485
35,0.46189429366943535
36,0.4476157017349764
37,0.4652207761721587
38,0.47283966574187547
39,0.46772858087100583
40,0.44851558244825707
41,0.45244284237132354
42,0.4769091194058642
43,0.44737652547998363
44,0.4511166463836692
45,0.4765511528685548
46,0.46876533635734385
47,0.4682399109817538
48,0.4695773654513889
49,0.46989215969952797
50,0.4470482565132535
51,0.49122565331109297
52,0.4793422812556736
53,0.48021844823722315
54,0.4736542213456563
55,0.44012916581563183
56,0.4791281927991104
57,0.4755485274260167
58,0.4422295375760258
59,0.422397854541122
60,0.46212850555442087
61,0.4702426796818264
62,0.4795819894074528
63,0.47845720500295025
64,0.44153665336215503
65,0.47521777627428285
66,0.44747962480709874
67,0.4704188261676198
68,0.48590961087849494
69,0.4660789916371641
70,0.4411970372639797
71,0.46933180643495825
72,0.4691555712997004
73,0.4698265590958606
74,0.47629273967978397
75,0.45009438508476307
76,0.454519633374183
77,0.4442710460920479
78,0.49160400922521785
79,0.4484528629521832
80,0.48223478030535133
81,0.5024801903906817
82,0.4711503615479757
83,0.4610749953193083
84,0.4853566155194717
85,0.48534163375998546
86,0.4705310563895697
87,0.46048175310344047
88,0.44349155135144336
89,0.4843099312931191
90,0.46462088524645967
91,0.4784518860350853
92,0.47841341216752903
93,0.4659641905807462
94,0.46818211153095496
95,0.4716405044367284
96,0.44708274115491103
97,0.46699536115082607
98,0.4738378587111928
99,0.44548040208560274
100,0.4602054327228577
101,0.46953117908042846
102,0.4651748557495915
103,0.4835221921523239
104,0.450602922737382
105,0.4768534475422113
106,0.4788075476863199
107,0.4856378116205973
108,0.4766175956421342
109,0.4830349303711647
110,0.47876308997991557
111,0.4778757531658497
112,0.486295900919685
113,0.4398796618980347
114,0.4638983921114742
115,0.4733564034699528
116,0.4588587143841912
117,0.4575003829656863
118,0.45320460721904504
119,0.45142266433483114
120,0.4658985013276144
121,0.4777757122452569
122,0.4508582331948983
123,0.4609079797283497
124,0.4617165958180147
125,0.4745529052911674
126,0.4706670003432507
127,0.4773227134820942
128,0.4903527220349945
129,0.4881442865774782
130,0.42753376126202797
131,0.47267140905841504
132,0.4251612356458787
133,0.47574289137674747
134,0.4655611901155138
135,0.4841839604041848
136,0.4608678215209695
137,0.47211123309277414
138,0.4637307559742647
139,0.46611422979926925
140,0.4578133155750726
141,0.47826377187159586
142,0.45798276902630264
143,0.4274470620858297
144,0.48187854243259803
145,0.47631250851034856
146,0.4540123811387981
147,0.466346580045502
148,0.4625675863516703
149,0.4627078741291077
150,0.4904008586941721
151,0.472672472851988
152,0.4826126486474219
153,0.4547199811637618
154,0.46610722649158043
155,0.4694980685054693
156,0.4668068480647467
157,0.49634476095849217
158,0.4214822828726398
159,0.46887756657929375
160,0.4591616739288308
161,0.4666617732162309
162,0.4783281313827614
163,0.4827933162559005
164,0.46809089123207154
165,0.5040037200861247
166,0.4698678254215459
167,0.4748586572939361
168,0.4635608149509804
169,0.47594767163954704
170,0.46847970778299747
171,0.44844843047896243
172,0.4945662310786583
173,0.4656078640585285
174,0.4664788007216776
175,0.4795718833685094
176,0.4696466006830973
177,0.45559202594521603
178,0.44956674347256265
179,0.4815507167131899
180,0.46360327804443535
181,0.4510375710614107
182,0.46646550330201525
183,0.48177841286254086
184,0.4672714155830156
185,0.4800661927820897
186,0.4684634849310094
187,0.4807951573279775
188,0.4577865434368192
189,0.45761660241353486
190,0.4631882212520425
191,0.46159643146899965
192,0.41878445804681824
193,0.45005178901711146
194,0.4335182649810503
195,0.46158623678059185
196,0.4497180681083197
197,0.46006208653889796
198,0.4636069126724764
199,0.4861600456154684
200,0.45294637132920296
201,0.47180472756955794
202,0.4553209358830338
203,0.450508599707244
204,0.4759470954180283
205,0.4576075158434323
206,0.46288526170740285
207,0.46252534488187635
208,0.42846418171579975
209,0.4262637247100808
210,0.45224852274532495
211,0.4707890706557507
212,0.4624421473595225
213,0.48310217098992375
214,0.4776451759089052
215,0.46878944901166486
216,0.46573343602487294
217,0.47407251384350035
218,0.44687933495880994
219,0.46678375487926654
220,0.4591248844010984
221,0.467824012019449
222,0.4651190952364742
223,0.4782613340113244
224,0.47006928132942993
225,0.46966747763196715
226,0.4309414466741558
227,0.4766620090238063
228,0.4668371218568446
229,0.4556585130435276
230,0.4635107723283179
231,0.4391870436325572
232,0.46121009710307737
233,0.46907866788932007
234,0.47885550704656865
235,0.4834558823529412
236,0.44861965691948075
237,0.45759404112484114
238,0.46144151652993376
239,0.4538034786759032
240,0.4434423508986928
241,0.45724906173406865
242,0.4656430135711692
243,0.45839618580360386
244,0.49116390895912765
245,0.46916328380310457
246,0.4536463475002269
247,0.4832532740020198
248,0.4719669117647059
249,0.47944427246448346
250,0.4453416656737927
251,0.47536103380877814
252,0.45353526972131447
253,0.46663792651030317
254,0.47027561295785675
255,0.4452231856646015
256,0.44325556647716957
257,0.4431491871198711
258,0.4639945324556327
259,0.45892325119428556
260,0.4728980857389252
261,0.49169168354552467
262,0.4879500999256763
263,0.4256492066227533
264,0.49294190694217505
265,0.4800776285629993
266,0.4261457765976761
267,0.43457736013242104
268,0.47068282427264885
269,0.46685188199266975
270,0.4680957669526144
271,0.48885339364333696
272,0.4944900811887255
273,0.4858693640216503
274,0.45333722681781047
275,0.47542672306191
276,0.48124669337497733
277,0.49065031828703703
278,0.4537375677991104
279,0.47711478616330794
280,0.4575015354087237
281,0.48188430464778503
282,0.4747022796387073
283,0.48471674368532136
284,0.47996561996471043
285,0.43016048921738836
286,0.47420699508101855
287,0.4450904330916394
288,0.45478895044707696
289,0.46072305694557913
290,0.46493093674825253
291,0.4658828990218773
292,0.47136201214426743
293,0.4761167704929194
294,0.45533113057144153
295,0.4743018056832108
296,0.4752455235566449
297,0.45302300879119006
298,0.4791653369247004
299,0.49475922096269065
300,0.4781011001043936
301,0.48606589988425924
302,0.45273653804693176
303,0.5029343415968818
304,0.4566214678507398
305,0.46694598339914667
306,0.46415516528515344
307,0.4802603794338916
308,0.48213846266226396
309,0.462059181673248
310,0.4996051109607616
311,0.4691932916468092
312,0.44574218395402143
313,0.46105868381785586
314,0.43771967337282136
315,0.46490168242499547
316,0.4846265428552787
317,0.47221614973390974
318,0.4687634303938589
319,0.47559161106572256
320,0.4694222288886619
321,0.4721472247753268
322,0.47897434165361746
323,0.46946145627666575
324,0.467437101432008
325,0.4753855897104212
326,0.46878076136415214
327,0.4823923547283497
328,0.4637538048350127
329,0.45839662905092593
330,0.4613613774141022
331,0.46570781632965685
332,0.47600768732695625
333,0.4809403651506899
334,0.47527340381320354
335,0.4895751332578749
336,0.44274006984159403
337,0.45366084168765886
338,0.47072116516600854
339,0.439268955737677
340,0.4504542132608252
341,0.46869601247617104
342,0.46112260008169936
343,0.4321143234131037
344,0.47557649633203974
345,0.42976502395663124
346,0.45343912937715597
347,0.4423453137765523
348,0.45109953703703703
349,0.42764191360861475
350,0.47085320854325524
351,0.46854872139104486
352,0.486292487915305
353,0.47588459754561546
354,0.4716805296699119
355,0.4506022135416667
356,0.4639122657526552
357,0.4870038998672386
358,0.48990938606345313
359,0.4830378114787582
360,0.4664308413614288
361,0.4589716981265886
362,0.464808112915305
363,0.47284826473992375
364,0.4626338075015886
365,0.46885332095077614
366,0.4538465179908769
367,0.4249750717706064
368,0.45278604877280776
369,0.47144747022796385
370,0.4491386552089007
371,0.46098998048293394
372,0.44791316501282225
373,0.47580082380174293
374,0.4624242401677106
375,0.47255115605993553
376,0.4556863046506218
377,0.45824362007534497
378,0.4704606687148239
379,0.48274712988494006
380,0.4884941860135258
381,0.46766213809742646
382,0.47792991798860746
383,0.4731774645260303
384,0.4691811023454521
385,0.46538180792426925
386,0.45095087188521243
387,0.45024522214846585
388,0.4680088018280229
389,0.47579741079736293
390,0.46651284211601307
391,0.4492406464177106
392,0.47234154440132536
393,0.4890868963326071
394,0.47444165021332607
395,0.4928336216213916
396,0.4599034483223266
397,0.4560194050131627
398,0.4624571291190087
399,0.47902380805476125
400,0.47106601158258443
401,0.44178832919163036
402,0.4969287836300608
403,0.48019336043879357
404,0.492498437996437
405,0.4612255221098856
406,0.4644197396117012
407,0.4553256343046478
408,0.4424757171387073
409,0.46308042350331335
410,0.46380983129652326
411,0.46369977298645154
412,0.468343453556191
413,0.4434972249171659
414,0.44137411456914943
415,0.4577739552128722
416,0.4635019517066086
417,0.45808183480278686
418,0.48950744939179375
419,0.4639241004561547
420,0.4830615252104893
421,0.46881400491330794
422,0.4786830838382807
423,0.4316418660925018
424,0.45068359375
425,0.4667052557785267
426,0.4732970969782589
427,0.48492223314383626
428,0.4509184261812364
429,0.45846648482888525
430,0.43672804046387076
431,0.4665861552230846
432,0.4552532076922204
433,0.47630187057461876
434,0.468122361791939
435,0.47639699144993647
436,0.4701743309447622
437,0.46829997099389525
438,0.45108681583889343
439,0.4898135116676879
440,0.4584190130406908
441,0.46992673299064996
442,0.46162710418368735
443,0.4656538288058279
444,0.46617189627587147
445,0.44434347270447533
446,0.45495649793482207
447,0.4727532325140704
448,0.4599431189576525
449,0.4433934163943355
450,0.48050651467184097
451,0.4374652494099492
452,0.46466840135938636
453,0.465797263639252
454,0.4590275916139025
455,0.4786629604098584
456,0.47781906183335604
457,0.4729224643416394
458,0.46380468962758714
459,0.47361463935979486
460,0.4456758741546387
461,0.4706382335920479
462,0.4605746577421478
463,0.47270367746346226
464,0.4543644968114561
465,0.48735699068400506
466,0.4581261595349945
467,0.4749423423883442
468,0.4620837375748911
469,0.45422407605982207
470,0.46655096138571167
471,0.4671703995183143
472,0.4753797388457698
473,0.46586552372685186
474,0.4610647563061683
475,0.43510039197247186
476,0.4319578127836783
477,0.47245200163398693
478,0.485528063583651
479,0.44327484773567993
480,0.48878983197735115
481,0.44336336422589867
482,0.4462690720457743
483,0.4733552953516476
484,0.4668650464381354
485,0.47090449225841957
486,0.4613666520572349
487,0.4828348928547113
488,0.4931653922419662
489,0.46473870038466775
490,0.4803367066227533
491,0.47369460117669754
492,0.46719739328022875
493,0.4697718180515841
494,0.43766861128131807
495,0.46478825543527597
496,0.48497950069784856
497,0.46464092002541757
498,0.45965093032293936
499,0.47104947845747097
500,0.47442414194410404
501,0.46870585256672115
502,0.4647426896105665
503,0.47028035570420296
504,0.4639103154644381
505,0.4578864070584831
506,0.4815953517185231
507,0.46913327595939996
508,0.47504686010688996
509,0.4695016144840459
510,0.49848068115411676
511,0.4711395019885848
512,0.4685915834070897
513,0.4530344445720997
514,0.4468551779797567
515,0.465273345304557
516,0.4855840013956972
517,0.473827442399124
518,0.45336546167222674
519,0.4210688217706064
520,0.48462060334116286
521,0.477382418896378
522,0.46643908576161947
523,0.4558237999699301
524,0.4682876487183415
525,0.4726764620778867
526,0.48847596854858844
527,0.46272223534234297
528,0.46415538690881447
529,0.4729914336249546
530,0.48314711626838236
531,0.4732466111082743
532,0.4730284004516158
533,0.4425111325997413
534,0.46408867818684185
535,0.4937047355834695
536,0.4888162051930147
537,0.4534215324584695
538,0.46640805844907407
539,0.4872908581835512
540,0.4544251773698484
541,0.47165229481549564
542,0.4775861796903368
543,0.45621771386505994
544,0.45652373181622186
545,0.46568583126248186
546,0.4804657359182099
547,0.45710997072440085
548,0.4713500887913036
549,0.4851649553774056
550,0.48279562114197533
551,0.49760265253381447
552,0.4845452069716776
553,0.4728449847097404
554,0.47274937626236835
555,0.4722918563765205
556,0.4674960976505764
557,0.4541848043470861
558,0.4794728619167574
559,0.4599643948291122
560,0.47910558718568447
561,0.4625191837440995
562,0.4408225376015568
563,0.466993854109931
564,0.4897254384247912
565,0.4533801774833197
566,0.47756321947905317
567,0.4699234086357344
568,0.4861010937216322
569,0.46699518385189726
570,0.4398968155693991
571,0.4515006758635167
572,0.4617665497912128
573,0.4739390077500908
574,0.4480941428944263
575,0.4709520526960784
576,0.4473107475773874
577,0.4681376094998184
578,0.46846592279128085
579,0.4763385271281545
580,0.4582847534268337
581,0.4362246888049201
582,0.46595705429886075
583,0.48296520756740197
584,0.4885952464029593
585,0.49393353985112565
586,0.456002827563317
587,0.46465359689882896
588,0.45147168748865285
589,0.48315770987938
590,0.4630714699074074
591,0.4521903243719363
592,0.4806572630860793
593,0.4486858780693991
594,0.44586664780206064
595,0.4427169766561138
596,0.480952332828386
597,0.4697426080530592
598,0.4632068376395697
599,0.45520892728474494
600,0.4519589935945443
601,0.42365224446259986
602,0.46717594010984026
603,0.4462966420292075
604,0.4562966118883896
605,0.4415029665656772
606,0.46814075655580517
607,0.478521387215187
608,0.44947521290055376
609,0.4775994327852669
610,0.43318826734976396
611,0.4837058295178604
612,0.4690189624750363
613,0.46619441323983296
614,0.4964352277369281
615,0.5033343723050563
616,0.4688859882784132
617,0.4547953332085149
618,0.4755379781397513
619,0.46164155404638707
620,0.47244291506388436
621,0.4696160609426062
622,0.4516081190143882
623,0.46538056683176743
624,0.4841032893915668
625,0.4511517072468455
626,0.4754096137152778
627,0.4667201932132807
628,0.42597091552911676
629,0.47027610052991103
630,0.46220864467025236
631,0.4634582475206518
632,0.46811238872719224
633,0.4581664950413036
634,0.4783342038710739
635,0.44997413208628356
636,0.469731260921614
637,0.4488462449505265
638,0.47394215480607754
639,0.46646851738380535
640,0.43860545882126
641,0.4665453321447213
642,0.4742742356997776
643,0.45006428859159403
644,0.4658711972925744
645,0.4718578729234749
646,0.4567776238823075
647,0.4445243176118827
648,0.4739796978542574
649,0.47788789814247457
650,0.49290103953907954
651,0.4665995412922113
652,0.4855507135218092
653,0.4775500550335875
654,0.46678614841480576
655,0.47210227949686817
656,0.4760452303751362
657,0.48133565311251814
658,0.41581266205122097
659,0.4497144778050109
660,0.452898146020561
661,0.4640109769312818
662,0.46925955712145967
663,0.4816244730675835
664,0.48047832414215685
665,0.45473239208877997
666,0.46845878650939543
667,0.46303246414306465
668,0.43882167486496915
669,0.45204170354484385
670,0.4526954933449074
671,0.4873381526728168
672,0.4740581526302651
673,0.47783461981436093
674,0.47482120289522056
675,0.4830074933619281
676,0.471845506323189
677,0.4613951085353123
678,0.45419402389138525
679,0.4448891101579521
680,0.4448276760791122
681,0.48363140829248363
682,0.4539984631728849
683,0.4754567309056146
684,0.4651923196940813
685,0.4568378168686456
686,0.4696758550063544
687,0.4631301558528504
688,0.4765634751441086
689,0.47686350925642246
690,0.4548155009616694
691,0.46245110095542846
692,0.4827412790202887
693,0.5062197793975808
694,0.47430078621437
695,0.4343375633311774
696,0.47237842257852214
697,0.4936387803819444
698,0.4817970735748003
699,0.48574853480165214
700,0.48386730451729304
701,0.46294461252382896
702,0.47256432050540126
703,0.47009117774714054
704,0.46526315061614926
705,0.4260414361780592
706,0.4635843957085149
707,0.4530593993963326
708,0.44619500541825524
709,0.4822489198949256
710,0.45519753582856753
711,0.43576836568684185
712,0.4771095558449074
713,0.45264500747492287
714,0.4549647423350127
715,0.4209762717297567
716,0.4448862290503586
717,0.45997676142939814
718,0.4599042904922386
719,0.4807476412150508
720,0.47388652726715685
721,0.48571857128267976
722,0.4668371218568446
723,0.4511125241835739
724,0.46299124214211146
725,0.43385087777153686
726,0.4749223519341186
727,0.46280747180237836
728,0.4689224232082879
729,0.41726527217513165
730,0.4709165929103123
731,0.479760440779321
732,0.4619008537298021
733,0.4735158395317039
734,0.47232523289987294
735,0.4624359418970134
736,0.4502639271854575
737,0.4744376609874274
738,0.4578690760881899
739,0.4657067525360839
740,0.4773495299450799
741,0.471613953922136
742,0.4665440467274873
743,0.4590275472891703
744,0.46452425733024694
745,0.4674199034359114
746,0.46978378572928015
747,0.49222100949754904
748,0.47855285777505446
749,0.4470357569387709
750,0.4546585027601897
751,0.4749625544662309
752,0.46518088391317175
753,0.44669888897399235
754,0.45679207374500724
755,0.4801011649958016
756,0.4815070125272331
757,0.4773189902045888
758,0.47276129961533225
759,0.45143578445556465
760,0.4467760140080338
761,0.4638749886528686
762,0.45594148213394153
763,0.48050310166746096
764,0.4742057539885167
765,0.4539689429012346
766,0.47518249378744554
767,0.4477479667358842
768,0.48650693096972586
769,0.46557404428785404
770,0.4735917677979757
771,0.46705245140590956
772,0.47345502599911493
773,0.4776639695953613
774,0.4462821478417756
775,0.4701474701570443
776,0.454974183502973
777,0.4642678387544254
778,0.47975352612109656
779,0.46082376273715503
780,0.46388846337145967
781,0.44844577099502997
782,0.4607937105687182
783,0.45190101684481665
784,0.44429298683449076
785,0.47182454072485475
786,0.4826427894653232
787,0.4413078934192311
788,0.48592126828306553
789,0.46694296931735657
790,0.45988416706381624
791,0.4490444651529593
792,0.4730038002252406
793,0.4403462683539851
794,0.4488069732377905
795,0.4692145675182689
796,0.47611198342184097
797,0.4472344203885258
798,0.45723492214449435
799,0.4640912046965777
800,0.46170609085648145
801,0.4661655135144335
802,0.46887472979643247
803,0.4944847622208606
804,0.4405692217569898
805,0.4617933219294662
806,0.4601199746391612
807,0.4463940234658678
808,0.4694846824363426
809,0.4732026409739243
810,0.48139469365581883
811,0.4758228088689179
812,0.4850899579305102
813,0.48373335517656135
814,0.4628405380526053
815,0.4653159413722086
816,0.45351266410788854
817,0.4652175404667075
818,0.4360583824096768
819,0.4224518863896832
820,0.49894094917336146
821,0.4554531122344771
822,0.47553483108376454
823,0.485633689420502
824,0.4780165285153413
825,0.46593174487677014
826,0.4844004423962872
827,0.4507781827285312
828,0.4716899708378722
829,0.4889543653833061
830,0.4503168509157135
831,0.46041491140727125
832,0.4682992174734477
833,0.4583292554579702
834,0.4647098006592683
835,0.46500761853497186
836,0.45865814497095136
837,0.48455668707731936
838,0.46718826238539396
839,0.4631557755480665
840,0.4639764922896242
841,0.4602596418703477
842,0.4648575349917166
843,0.46198046094884715
844,0.4846618696668482
845,0.45539965660743464
846,0.4569972086056645
847,0.46072935105755264
848,0.47007557544140344
849,0.47488764566879993
850,0.46192381394108567
851,0.45204356518359656
852,0.46198094852090144
853,0.45239000729053197
854,0.4746424412502269
855,0.43974345199596043
856,0.46961858745234203
857,0.4845480880792711
858,0.44208096107366557
859,0.4344315317634577
860,0.4697650806922885
861,0.48845003858024694
862,0.46247401684197986
863,0.473443102646151
864,0.46456760691834603
865,0.473894239770561
866,0.4506118763332879
867,0.4869774823268428
868,0.4864362773465868
869,0.4850238254300563
870,0.4668111475637709
871,0.4676886442872867
872,0.4230070979853168
873,0.4607013821515296
874,0.48773561254652326
875,0.44287951544911947
876,0.446336224015069
877,0.47488888676130175
878,0.48888326851284497
879,0.4480199876174428
880,0.42977809975263254
881,0.4806560663183097
882,0.4645344520186547
883,0.4773590154377723
884,0.4644377354529775
885,0.48150559413580246
886,0.4813192972863335
887,0.4408719596779684
888,0.4727116559152596
889,0.45990198560616374
890,0.46728254109079975
891,0.47675704124965956
892,0.47826891354053197
893,0.4742641739855665
894,0.4717227711397059
895,0.5008864946441539
896,0.4804905577682462
897,0.4608545241013072
898,0.4506587718999637
899,0.45998611394789396
900,0.46536075367647056
901,0.45958005507613925
902,0.49212043668016975
903,0.4876517944779185
904,0.44877731999194354
905,0.45922807237767793
906,0.45172026058687365
907,0.44621504019721314
908,0.47134206601477396
909,0.4827632640874637
910,0.45713293093568447
911,0.47173110418936093
912,0.46977124183006536
913,0.44762496560400783
914,0.45157766792336146
915,0.46867952367578974
916,0.4682125626219817
917,0.4824293215550109
918,0.4882109952994508
919,0.4686355535414397
920,0.4739039025621823
921,0.47564214126043936
922,0.47083202132126
923,0.45502834832573075
924,0.46627667994281047
925,0.46407923701888165
926,0.4595791242567629
927,0.4779864763469045
928,0.48632147629016886
929,0.4757596904502542
930,0.45468518624897875
931,0.47103671293459515
932,0.45993979460273693
933,0.4862333587225399
934,0.45338039910698075
935,0.46496094459195714
936,0.4578352563175154
937,0.4659821864220225
938,0.47275890607979304
939,0.46890407276915397
940,0.46859016501565903
941,0.4828304603814906
942,0.4603449226551153
943,0.4708165963144517
944,0.4633005401234568
945,0.46906594669117646
946,0.4724345376894971
947,0.4814664997219953
948,0.48555324003154504
949,0.4907876363074165
950,0.47083051428036493
951,0.4698214617516567
952,0.47678970857729663
953,0.4642846378279321
954,0.459620124634055
955,0.46840608440280046
956,0.4836463014025055
957,0.4542256717501816
958,0.47400500727634803
959,0.4684226175279139
960,0.44657770515613654
961,0.4638511419469408
962,0.46380956534813
963,0.4636220717308914
964,0.4545139154837282
965,0.4785162012215187
966,0.4644607843137255
967,0.4773697420229666
968,0.48413919242465503
969,0.4440916195760712
970,0.4811086218341503
971,0.4742623123468137
972,0.45318900491330794
973,0.46258247946169206
974,0.4707093747872413
975,0.4731166953181736
976,0.44251277261483296
977,0.46092863505355847
978,0.4592522736814633
979,0.4789838714710421
980,0.47414405396128356
981,0.4759652242335013
982,0.4671579442685639
983,0.4499916846802378
984,0.49073152119644153
985,0.46505123407146426
986,0.4881833809912854
987,0.4622548310412128
988,0.44042179769766704
989,0.44692778189111293
990,0.48531690055941357
991,0.43673056697360657
992,0.4900302596081835
993,0.47302237228803556
994,0.45400892380968594
995,0.5020883597579657
996,0.48548201018688725
997,0.4647418474406545
998,0.47232656264183914
999,0.4202375557427832
1000,0.4669751933976716
1001,0.46858848067583514
1002,0.4486638043527596
1003,0.4546645752485022
1004,0.4736599392361111
1005,0.4347542601386619
1006,0.4801040461033951
1007,0.45072286546273604
1008,0.46281407618747733
1009,0.46632494957618464
1010,0.4539335717649328
1011,0.44782899234635987
1012,0.43065564080088053
1013,0.44102598812239013
1014,0.44420899146695714
1015,0.46498301830859656
1016,0.4753870524265841
1017,0.4574901882772785
1018,0.44708296277857207
1019,0.4619129100569626
1020,0.45649013366920843
1021,0.4827170777165033
1022,0.4559885106748139
1023,0.41606385030864196
1024,0.47385142207924835
1025,0.4398631287729212
1026,0.4405570324556327
1027,0.47276178718738654
1028,0.46702993444194807
1029,0.4784228976602215
1030,0.4858098802310276
1031,0.45989746448347857
1032,0.45464192531034403
1033,0.45997795819716775
1034,0.44805828418607024
1035,0.44930704486655776
1036,0.4855829819268564
1037,0.44634065648828974
1038,0.45166977471688907
1039,0.4503732319750817
1040,0.4624990603156772
1041,0.45287093063498546
1042,0.48249164212849494
1043,0.44449014324335057
1044,0.4424745203709377
1045,0.4726387860555102
1046,0.48846236085580064
1047,0.48678156701048475
1048,0.4769879287797295
1049,0.4735212914737654
1050,0.46353989367737836
1051,0.4717246327784586
1052,0.4491275297011166
1053,0.46831588357275783
1054,0.45327721113040126
1055,0.46254879266521426
1056,0.4627553459173021
1057,0.4650193645890069
1058,0.4694620768229167
1059,0.4714419296364379
1060,0.4583847056979621
1061,0.47792805634985475
1062,0.46731999548951525
1063,0.4891000164533406
1064,0.4619250550335875
1065,0.47662322488312453
1066,0.47069629899124
1067,0.47914082534778957
1068,0.4779813346779684
1069,0.4736242135019517
1070,0.47806807817889885
1071,0.47892580607185004
1072,0.4484561429823666
1073,0.4816706594385439
1074,0.45662505815404864
1075,0.4788101185207879
1076,0.4806223795218319
1077,0.4792946321685503
1078,0.4579429210920479
1079,0.44799139816516886
1080,0.47855214857933914
1081,0.46870536499466686
1082,0.4806004831041213
1083,0.48219324803127267
1084,0.4551040992930737
1085,0.4315293699221587
1086,0.4608937958140432
1087,0.43991862333764525
1088,0.45696400938124093
1089,0.485328513639252
1090,0.45593642911446985
1091,0.48588895555328615
1092,0.458310639070443
1093,0.42585766583832607
1094,0.4638850946918119
1095,0.47144973078930646
1096,0.4592192960807008
1097,0.4586717083390069
1098,0.46467026299813907
1099,0.4670140661878177
1100,0.4800623808551198
1101,0.4755018091582698
1102,0.47198854223402326
1103,0.42569233458719136
1104,0.45245569654366374
1105,0.48581023482888525
1106,0.48066595073359203
1107,0.4587264493832834
1108,0.45599165773080064
1109,0.49528748312114196
1110,0.4649154674167121
1111,0.44026417894993647
1112,0.4753631613959241
1113,0.4795899678592502
1114,0.4695402213257988
1115,0.45482099722846314
1116,0.4537346423667847
1117,0.48556901963621096
1118,0.47184187169514796
1119,0.4771295906238653
1120,0.47595409872571715
1121,0.4700789441210512
1122,0.4544382531658497
1123,0.4800382682007988
1124,0.47316682659030046
1125,0.4799667280830156
1126,0.4711320997583061
1127,0.4740825755577115
1128,0.45782767678830794
1129,0.4562445746527778
1130,0.47316155194716775
1131,0.4624460479359568
1132,0.47225218574119465
1133,0.4829113086930374
1134,0.47179679344249276
1135,0.4736276708310639
1136,0.48467924496187365
1137,0.45884998241194624
1138,0.47460117492454157
1139,0.44149073293958785
1140,0.4574646129067947
1141,0.48239581205746185
1142,0.43767477241909497
1143,0.46893403628812635
1144,0.47606056673248004
1145,0.4664096541394335
1146,0.45724578170388525
1147,0.4419705481657362
1148,0.4743175409631445
1149,0.44845215375646785
1150,0.4733354378716186
1151,0.48484856543890703
1152,0.469871681673248
1153,0.46394949852770967
1154,0.48211018348311546
1155,0.45871860390568264
1156,0.4675186146145379
1157,0.4709905265636347
1158,0.4513134481946714
1159,0.45704676365627267
1160,0.4530553215209695
1161,0.4670445616035766
1162,0.4669232004867919
1163,0.46573596253460875
1164,0.4724610438793573
1165,0.45814792297850854
1166,0.46393509298974217
1167,0.4759913758255038
1168,0.4769990986122458
1169,0.43274240486848675
1170,0.4803430893841912
1171,0.45377542112041575
1172,0.47303730972278957
1173,0.46151407611655776
1174,0.4694429285386029
1175,0.47768444762164125
1176,0.46454460238233025
1177,0.4781940047431009
1178,0.4620441112642974
1179,0.4811073807416485
1180,0.4669269237642974
1181,0.4756946660681055
1182,0.44526631362903957
1183,0.46885806369712235
1184,0.4645686263871868
1185,0.4529718580502224
1186,0.4813129588496278
1187,0.4741658174047976
1188,0.462437980834695
1189,0.4845989728718455
1190,0.4835416950344953
1191,0.47499854614878356
1192,0.4533791580144789
1193,0.4302488284086783
1194,0.45246203498036947
1195,0.47415699678308826
1196,0.47219199275485657
1197,0.4802198666286538
1198,0.4539126504913308
1199,0.43511834348901596
1200,0.45275222900213324
1201,0.4872836775769335
1202,0.44152787706517793
1203,0.46622118537808643
1204,0.43863839209729033
1205,0.459092571671319
1206,0.45514860132421026
1207,0.46731370137754175
1208,0.46063680101670296
1209,0.47859407977600765
1210,0.4651074378319036
1211,0.4729934725626362
1212,0.4750890572519517
1213,0.47718260300358567
1214,0.45153968162785946
1215,0.48052428888945625
1216,0.47984146638979663
1217,0.46656824803127267
1218,0.4532872285198802
1219,0.4737769565291394
1220,0.4807163922788444
1221,0.4592422119672522
1222,0.4272194545859432
1223,0.4593238137992465
1224,0.4803800562108524
1225,0.4781855387192493
1226,0.4700502216945806
1227,0.4776633490491104
1228,0.46395370937726943
1229,0.4800068862903958
1230,0.47284276847313
1231,0.4482233494888117
1232,0.49356750621255446
1233,0.4614562766657589
1234,0.4598634230891431
1235,0.4823313638968319
1236,0.48070096727203615
1237,0.4731382814627587
1238,0.4350838145226262
1239,0.46807520027687
1240,0.47720157398897056
1241,0.4713140971087509
1242,0.4699318746595861
1243,0.46909883564247457
1244,0.4728284072598947
1245,0.48335038949028686
1246,0.49170187823393247
1247,0.4675380731719771
1248,0.47171505863630175
1249,0.47843991835738925
1250,0.4745841099026416
1251,0.4267387085404185
1252,0.48236230255991286
1253,0.4872730396412037
1254,0.4778827564735385
1255,0.47348117759111746
1256,0.47488613862790485
1257,0.4606547082085149
1258,0.44156776932416486
1259,0.48919921520402143
1260,0.4620714152993373
1261,0.46874671996981665
1262,0.4592461568684187
1263,0.4719595538591594
1264,0.44455157732219047
1265,0.44942574649941
1266,0.4651167460256672
1267,0.4534693145197894
1268,0.48050886388264796
1269,0.469103622713553
1270,0.4374130792001407
1271,0.4833073945000454
1272,0.4785666427667711
1273,0.46855497117828615
1274,0.4510826936387981
1275,0.44042144309980935
1276,0.4896453879584241
1277,0.47855609348050565
1278,0.47235182773919754
1279,0.44632097630718953
1280,0.47478002521899965
1281,0.47272331331983025
1282,0.48813825841389796
1283,0.47822396826207336
1284,0.4600535318655819
1285,0.47297662916439726
1286,0.47770120237041575
1287,0.4644014778220316
1288,0.4627507361451525
1289,0.4536885446452887
1290,0.46358749843976943
1291,0.48591772230448893
1292,0.47832245781703886
1293,0.4585721549904684
1294,0.4657945155058551
1295,0.4562235647297113
1296,0.4652553937880129
1297,0.4634577599485975
1298,0.47633653251520514
1299,0.4645306400916848
1300,0.48742427562749635
1301,0.4813271427639343
1302,0.45600495515046297
1303,0.45011690204872457
1304,0.47485599781000365
1305,0.4601301250028368
1306,0.43921297360089867
1307,0.496606143904321
1308,0.4624880677820897
1309,0.46159625417007083
1310,0.4823025084961647
1311,0.4784557866115196
1312,0.47778275987767793
1313,0.4674063843925881
1314,0.452771377286447
1315,0.45873713164374547
1316,0.47283891222142793
1317,0.47230369108001996
1318,0.4823861492658406
1319,0.4364815949527959
1320,0.47153146559549747
1321,0.4368380987739425
1322,0.4784662472483206
1323,0.48478473782452797
1324,0.47454279925222403
1325,0.4680452810826298
1326,0.42770937585103486
1327,0.460669246720679
1328,0.4598842557132807
1329,0.45223682101602214
1330,0.47113586736054375
1331,0.45732521162400147
1332,0.47630218084774417
1333,0.4700898480051743
1334,0.44796019355369465
1335,0.4741413058278867
1336,0.4641687729779412
1337,0.4575471012334332
1338,0.47419165872367464
1339,0.42142217853576613
1340,0.4702544700605937
1341,0.45121061481594954
1342,0.47969271258850765
1343,0.4958684030614561
1344,0.4629996638412309
1345,0.5044830034154866
1346,0.4477207070255764
1347,0.46759578397331153
1348,0.4842925559980937
1349,0.488334173730256
1350,0.4803548354382262
1351,0.4782609350887346
1352,0.473698546077864
1353,0.45600628489242917
1354,0.47356610377802744
1355,0.4761208926930147
1356,0.4589907577614379
1357,0.48229107271525506
1358,0.45723492214449435
1359,0.47343609933846226
1360,0.4490369742732162
1361,0.4490527982026144
1362,0.41288186643291575
1363,0.44623977339778503
1364,0.4416697162082426
1365,0.4552750154604666
1366,0.4414043440365151
1367,0.4834106711260893
1368,0.47028208436875907
1369,0.45925776994825707
1370,0.43401323926561364
1371,0.4510054799552923
1372,0.4712729637572622
1373,0.46793141084558826
1374,0.46647020172362924
1375,0.4762047994110839
1376,0.45929775085670843
1377,0.45710048523170843
1378,0.4684385744315087
1379,0.4820166582981572
1380,0.4554370223566857
1381,0.4832434782362019
1382,0.4402564221218001
1383,0.4557357267270334
1384,0.45605951889581064
1385,0.4904486850802242
1386,0.4529430469742874
1387,0.4386268676669163
1388,0.46122578805827885
1389,0.4683303334354575
1390,0.4771762202421478
1391,0.4564001544628268
1392,0.47116924388389614
1393,0.46305772924042304
1394,0.4696719544299201
1395,0.48698351049042304
1396,0.4779381623887981
1397,0.45640906373400053
1398,0.4648621890885984
1399,0.4645254984227487
1400,0.47265208347517246
1401,0.4685208854592184
1402,0.4411632618180374
1403,0.4697334771582244
1404,0.43101910360498363
1405,0.4735022318389161
1406,0.4486884489038671
1407,0.4716723739191857
1408,0.4729458678002451
1409,0.4578472683199437
1410,0.4746462088524646
1411,0.47353370239878356
1412,0.46022316261574076
1413,0.4548009181247731
1414,0.46051100742669754
1415,0.4725238077001634
1416,0.48730087557303015
1417,0.47145540435502903
1418,0.45283635734386346
1419,0.46584176567038854
1420,0.4588370395901416
1421,0.4711125525514025
1422,0.4369971802378359
1423,0.4773173501894971
1424,0.4140020410652687
1425,0.4832169720463417
1426,0.4707821116727941
1427,0.4707387177599628
1428,0.4477903411798747
1429,0.4585369611530955
1430,0.45857587826797386
1431,0.45991639114413124
1432,0.4469765390965414
1433,0.457348792381536
1434,0.4684302413818537
1435,0.4170967938680102
1436,0.4518525255877814
1437,0.4769953753347404
1438,0.4768289802900327
1439,0.46883075966208243
1440,0.480224609375
1441,0.4445610184901507
1442,0.47664786943423204
1443,0.48421286012958425
1444,0.45358535666870914
1445,0.48254811183732754
1446,0.4167440133243691
1447,0.45656912034200253
1448,0.45889652338076437
1449,0.47068663619961876
1450,0.4732007793351716
1451,0.47588543971552744
1452,0.4808895690075799
1453,0.45893069774929646
1454,0.47381848880321803
1455,0.44170522031874093
1456,0.4667762196747912
1457,0.46727828591650783
1458,0.4795589405467048
1459,0.47240147143927014
1460,0.4432544140341322
1461,0.4375805380384214
1462,0.4682979763809459
1463,0.4565889334972994
1464,0.45347091021014885
1465,0.4839920786384577
1466,0.4450086539607162
1467,0.4543680871147649
1468,0.4769959958809913
1469,0.4644919889251997
1470,0.44077187443264343
1471,0.4545652435236247
1472,0.44983069725285946
1473,0.4824725824936456
1474,0.46813698895356753
1475,0.46376080814270154
1476,0.44172538807189543
1477,0.4631518749716322
1478,0.45851772421931736
1479,0.4729338114730846
1480,0.48592361749387253
1481,0.49145144349695896
1482,0.48527869264025053
1483,0.48900126094998186
1484,0.4536564978639025
1485,0.46445998646854575
1486,0.4651424986950799
1487,0.4638753432507262
1488,0.4766492878256627
1489,0.4803858627507716
1490,0.4711710611979167
1491,0.44451181803740014
1492,0.4439016880985612
1493,0.43716694396219136
1494,0.4642376536117919
1495,0.45393428096064814
1496,0.4800472217967048
1497,0.4770777306871823
1498,0.48021636497480935
1499,0.4989666131933097
1500,0.48338890768257536
1501,0.4415841251503495
1502,0.46799204707924835
1503,0.48316387101715685
1504,0.4470071231617647
1505,0.43997402925290485
1506,0.43988808359715414
1507,0.45509638678966957
1508,0.4613406777641612
1509,0.4736128220457743
1510,0.45576759620949076
1511,0.4691524685684459
1512,0.4772810039090868
1513,0.45568537383124547
1514,0.4601657177627996
1515,0.4542195992618691
1516,0.47600276728168117
1517,0.46671358882818176
1518,0.4800667246788762
1519,0.48205907706688
1520,0.48386690559470313
1521,0.4650736623859613
1522,0.4673882999018473
1523,0.4470244984567901
1524,0.492182801578386
1525,0.46160928564133985
1526,0.49762339650848764
1527,0.47996699403140886
1528,0.4707917744644154
1529,0.4453189270861701
1530,0.4714972912269653
1531,0.46217575571895425
1532,0.4726482715482026
1533,0.4650048260768428
1534,0.46989845381150147
1535,0.45996798513242104
1536,0.43258403260030864
1537,0.47974740930805193
1538,0.4821045542421251
1539,0.47421661354790756
1540,0.4466317370046977
1541,0.4688741092501816
1542,0.4514765632091957
1543,0.4775841850773874
1544,0.4739904244394517
1545,0.4700332896468773
1546,0.42945160377519065
1547,0.4665405893983751
1548,0.4720269274521151
1549,0.46213590778469954
1550,0.46105917138991015
1551,0.4725380359392021
1552,0.46398260910266886
1553,0.4954824232933914
1554,0.47149108576445625
1555,0.44289494045592775
1556,0.45354776929579704
1557,0.4780093922334559
1558,0.4711685346881808
1559,0.46473586360180646
1560,0.4616440362313907
1561,0.4757880582788671
1562,0.4297544303456336
1563,0.48511495707947533
1564,0.44987027923872097
1565,0.4866879531760621
1566,0.4642615889671841
1567,0.474714158666939
1568,0.4749168113425926
1569,0.47622944396219136
1570,0.448321573095384
1571,0.4755440506280637
1572,0.48935829666791486
1573,0.4817611705417121
1574,0.47323814508442263
1575,0.46778234677117375
1576,0.4535451098118646
1577,0.4874401438816267
1578,0.47755732428966957
1579,0.4896130752286447
1580,0.4665751626894971
1581,0.47274352539771697
1582,0.46070851843341504
1583,0.4367715230261665
1584,0.46949979717002543
1585,0.4788282473362609
1586,0.444810345108819
1587,0.46442780671296297
1588,0.48188660953385987
1589,0.4591202746289488
1590,0.4868782835761619
1591,0.46646435085897786
1592,0.47970281862745096
1593,0.4746685041927651
1594,0.4683654829480982
1595,0.4702438321248638
1596,0.4344141564684323
1597,0.42773481824732207
1598,0.46695608943809
1599,0.4731472793833969
1600,0.45820204347653415
1601,0.4583993771843228
1602,0.44391875312046114
1603,0.48542163990162035
1604,0.46186712260859203
1605,0.4691409884628041
1606,0.4699699939292847
1607,0.48416773755219683
1608,0.4876025497004357
1609,0.45531215958605664
1610,0.47331402902596226
1611,0.4649238891158315
1612,0.46630549101874547
1613,0.4480319109704067
1614,0.4594028004720407
1615,0.45637382557189543
1616,0.4898487055050608
1617,0.4572736619604439
1618,0.46759569532384715
1619,0.43881316451638525
1620,0.4743431606583606
1621,0.4714867419406999
1622,0.4668849925676289
1623,0.4656503714767157
1624,0.43826761571237294
1625,0.46289629856572256
1626,0.4624030086209831
1627,0.45100104748207154
1628,0.4591081739770561
1629,0.4678141276041667
1630,0.46242122608592046
1631,0.5106429887493191
1632,0.47486512870483844
1633,0.45565314975093046
1634,0.465619920385689
1635,0.47017650285664037
1636,0.42792701028617464
1637,0.4592406606016249
1638,0.4739213665066721
1639,0.4727178170530365
1640,0.49593329446940815
1641,0.4705452846286084
1642,0.47953398572247186
1643,0.47121135237949346
1644,0.4635562051788308
1645,0.4480492862654321
1646,0.41269016196611746
1647,0.47230989654252903
1648,0.47280447190450253
1649,0.4475327701610158
1650,0.43692976232014796
1651,0.4437076787456881
1652,0.45897542140409403
1653,0.49129586368691
1654,0.4988996385229439
1655,0.46273943333843953
1656,0.47866615179057737
1657,0.467500485799065
1658,0.4402966246539125
1659,0.45688453513639254
1660,0.4170139066187818
1661,0.42186374151801925
1662,0.46771807590947256
1663,0.48353500199993193
1664,0.4693922210449573
1665,0.48006193760779775
1666,0.4459564497095134
1667,0.4611658610203341
1668,0.4605688955269608
1669,0.47271972301652143
1670,0.4867541743259804
1671,0.4549975426368464
1672,0.4836341121011483
1673,0.44787859172170025
1674,0.4436428759872004
1675,0.4715211379328931
1676,0.44745817163671026
1677,0.4721137152777778
1678,0.4580698671250908
1679,0.4848410745591639
1680,0.4811429735016113
1681,0.4748089249443991
1682,0.47434542121970313
1683,0.4600643471002406
1684,0.47122917092184097
1685,0.4362369224310094
1686,0.4963982609102669
1687,0.47147020881558643
1688,0.4456764060514252
1689,0.470448523738199
1690,0.4903173065739606
1691,0.48692039207175924
1692,0.4801679623672386
1693,0.4270597525757988
1694,0.4700357718318809
1695,0.4540340559328477
1696,0.46632211279332336
1697,0.4537312293624047
1698,0.4551000657424428
1699,0.4739905574136483
1700,0.47431869340618193
1701,0.4857947211726126
1702,0.47310862821691174
1703,0.4600265824283996
1704,0.4750222155557825
1705,0.4525698770538308
1706,0.4675127194251543
1707,0.4938682051958515
1708,0.45540595071940815
1709,0.45727530197553556
1710,0.4873624869507988
1711,0.43314092853576613
1712,0.49409239969135804
1713,0.48940594575503815
1714,0.4606558606515523
1715,0.4676000391476035
1716,0.46711038383090503
1717,0.4835809224224991
1718,0.475457262802401
1719,0.43221392108637435
1720,0.4695629155886892
1721,0.47571589761483296
1722,0.4776109572156409
1723,0.45524655898238925
1724,0.479783489640069
1725,0.48679069790531954
1726,0.43443494476783767
1727,0.48653467825208785
1728,0.44539095477600765
1729,0.4560491025837418
1730,0.45174978085852396
1731,0.45950753981424747
1732,0.47206070289805735
1733,0.4754131596938544
1734,0.4424775787774601
1735,0.46343440081472403
1736,0.47582795053785404
1737,0.43872212151643064
1738,0.4576382328828522
1739,0.46703773559481665
1740,0.47203907242874
1741,0.4837129657997458
1742,0.46822333353190815
1743,0.4744440437488653
1744,0.46415130903345136
1745,0.4699931314394971
1746,0.4700381210426879
1747,0.47635381916076613
1748,0.4879150390625
1749,0.4769633285533542
1750,0.476472653767815
1751,0.4798565367987473
1752,0.4793425472040668
1753,0.43772929183971043
1754,0.4474240415929103
1755,0.4450553279037309
1756,0.4376696750748911
1757,0.48279393680215144
1758,0.49520441857298475
1759,0.4416576598810821
1760,0.4471827377507716
1761,0.4817722960494962
1762,0.4793959141816449
1763,0.46430551477680193
1764,0.462195125626929
1765,0.46628412649782136
1766,0.4439455252587146
1767,0.48107254150213324
1768,0.4773995282430102
1769,0.4513572853548248
1770,0.4661910445601852
1771,0.46000934010757083
1772,0.4872132899021877
1773,0.4865649520441857
1774,0.4743169204168936
1775,0.46925769548270696
1776,0.49763891016476036
1777,0.4745388543510575
1778,0.46592598266158314
1779,0.4765067394868827
1780,0.47521307785266886
1781,0.47419750958832607
1782,0.47584949235770696
1783,0.47470241261290397
1784,0.47596393881626725
1785,0.45776154428785404
1786,0.451009469181191
1787,0.4776387931474673
1788,0.45344302995359026
1789,0.4595289486599038
1790,0.46488590282032954
1791,0.42348248073824435
1792,0.44521436504289214
1793,0.4379912066823257
1794,0.4642308719277642
1795,0.4779490662729212
1796,0.47288961971507354
1797,0.4444537526382081
1798,0.4679122182365423
1799,0.4782167876554557
1800,0.468070501855256
1801,0.4793660393121369
1802,0.43047444129561546
1803,0.4711368425046523
1804,0.4839022767310049
1805,0.4672320995455474
1806,0.4839570621000136
1807,0.45353819515364013
1808,0.46731578463995554
1809,0.4778859478542574
1810,0.4421167754572894
1811,0.4715178135779775
1812,0.4835379717569898
1813,0.4686815626134713
1814,0.45153086100615014
1815,0.46934554710194265
1816,0.46642973324312365
1817,0.4945691121862518
1818,0.45940665672374276
1819,0.4672451310168165
1820,0.4738390111542302
1821,0.4894426466333061
1822,0.4722902163614288
1823,0.4884430352725581
1824,0.46401775861530953
1825,0.4821585860906863
1826,0.5133686051822349
1827,0.4224129692748048
1828,0.4716174112512482
1829,0.47630878523284315
1830,0.4748637103134078
1831,0.47372172791280864
1832,0.4531740231538217
1833,0.4766685247594408
1834,0.46031828349105847
1835,0.4545789398658769
1836,0.46789869919321897
1837,0.4587537977430556
1838,0.48812664533405953
1839,0.4736943352283043
1840,0.4695174827381763
1841,0.4633287749778731
1842,0.47476220667665214
1843,0.46542276397682913
1844,0.4584250412042711
1845,0.4741534951292438
1846,0.4617711595633624
1847,0.46708197167755994
1848,0.4386924682705837
1849,0.4682710269437636
1850,0.47699949753483567
1851,0.4864681025043119
1852,0.47629522186478757
1853,0.4621634334434005
1854,0.4554395488664216
1855,0.48061010157101036
1856,0.45799420480721226
1857,0.46181495239878356
1858,0.43095979711328974
1859,0.4530882104722676
1860,0.4592207144721314
1861,0.44991190016226396
1862,0.4553668563056009
1863,0.43644196864220225
1864,0.48387022994961876
1865,0.47819462528935186
1866,0.4396967337282135
1867,0.47457391521423387
1868,0.49472752877916215
1869,0.48152390025020425
1870,0.4583791651064361
1871,0.4793377601329884
1872,0.47065915486564996
1873,0.4326829654025962
1874,0.4645904784801652
1875,0.4564933250499274
1876,0.4699125490763435
1877,0.4535677154252905
1878,0.4688897115559187
1879,0.45802483319716775
1880,0.49268938894278774
1881,0.44990427630832425
1882,0.4818015060480211
1883,0.46839775135314543
1884,0.4696418579367511
1885,0.4738013351318537
1886,0.48374128930362653
1887,0.47886410604461693
1888,0.4871912161855483
1889,0.46861729175177014
1890,0.45421680680374
1891,0.4748898619054103
1892,0.4580717287638435
1893,0.49021278885541486
1894,0.46788371743373275
1895,0.46983688675846497
1896,0.49064468904604663
1897,0.4750473033542121
1898,0.4647842662093773
1899,0.4578050268501498
1900,0.4805977349707244
1901,0.4717506070715323
1902,0.4611774297754403
1903,0.4526716466389797
1904,0.4650315982150962
1905,0.43972279667075165
1906,0.45804655231594954
1907,0.44190406106742464
1908,0.46816766166825524
1909,0.42297682419321897
1910,0.44323389168312
1911,0.4856592647909858
1912,0.47431563499965956
1913,0.42674841565677196
1914,0.4676295150945216
1915,0.4706340670672204
1916,0.44888551666326254
1917,0.4782081443326752
1918,0.44274658557722857
1919,0.4667181986003313
1920,0.4500624269528413
1921,0.4795798618203068
1922,0.4405868630004085
1923,0.4608729631899056
1924,0.4632108268654684
1925,0.453642092325935
1926,0.4785602156806009
1927,0.46804492648477214
1928,0.4685559906471269
1929,0.4658063945340868
1930,0.4789968142928468
1931,0.4650819954356164
1932,0.47642491603122733
1933,0.4348639195261438
1934,0.45695846878971497
1935,0.472422570011801
1936,0.49153468534404504
1937,0.47712294191403415
1938,0.4740722478951071
1939,0.4789335185752542
1940,0.47524131270708514
1941,0.4480500841106118
1942,0.4718408965510394
1943,0.4750406546443809
1944,0.4807375795008397
1945,0.4759671745217184
1946,0.48313381884872003
1947,0.46285374682280317
1948,0.4696953578885258
1949,0.458630752286447
1950,0.4731377495659722
1951,0.41938448194671385
1952,0.4782436927679058
1953,0.4666824285414397
1954,0.4626688240400327
1955,0.44960437517020696
1956,0.47500404241557737
1957,0.46353856393541215
1958,0.45662798358637435
1959,0.48945439268734114
1960,0.4630466480573711
1961,0.47375346442106936
1962,0.4883837731055964
1963,0.4801722175415305
1964,0.4828757602578068
1965,0.47741610569285586
1966,0.4647382571373457
1967,0.4505540768824891
1968,0.49083985084195714
1969,0.4512266160442765
1970,0.455311804988199
1971,0.4881517774572213
1972,0.47856198866988925
1973,0.4754546033184686
1974,0.417302061702864
1975,0.4471636781159223
1976,0.46162475497288036
1977,0.46067766841979846
1978,0.4736816583548929
1979,0.46578139538512164
1980,0.4531468964177106
1981,0.44581695977725583
1982,0.4785910656942175
1983,0.4593880846609477
1984,0.4705086280750726
1985,0.44466136968386893
1986,0.47701478956744736
1987,0.4642664646877269
1988,0.48181010504606936
1989,0.4785758179863381
1990,0.4700002233966503
1991,0.48789917080836964
1992,0.4542332956041213
1993,0.4439992468341503
1994,0.4272819081336238
1995,0.4640938641805102
1996,0.48185482870086693
1997,0.47914924704690903
1998,0.45708510454963236
1999,0.4707220959853849
2000,0.4714078439173702
2001,0.46839575674019607
2002,0.45226332720588236
2003,0.467355366625817
2004,0.4817808063980801
2005,0.4701817774997731
2006,0.48089045550222403
2007,0.4553999225558279
2008,0.4734417285794526
2009,0.44478255350172474
2010,0.4476912310786583
2011,0.47535819702591686
2012,0.4698895002155955
2013,0.47253666187250365
2014,0.4490329407225853
2015,0.47526272155274146
2016,0.45668666953181736
2017,0.4840146842518836
2018,0.47835596731458785
2019,0.4580377760189724
2020,0.4405206861752224
2021,0.45818249626963053
2022,0.4778705228474492
2023,0.47115740918039667
2024,0.4727799603275917
2025,0.45939393552559915
2026,0.4616981124046841
2027,0.49169913010053556
2028,0.4780439211998457
2029,0.4624346121550472
2030,0.4372352040497912
2031,0.46366590889104486
2032,0.4780171933863244
2033,0.4993506426731572
2034,0.43531115607411947
2035,0.4773068009032317
2036,0.4624226888020833
2037,0.4564732902709695
2038,0.4548730787888072
2039,0.46680999512073346
2040,0.4708517015023602
2041,0.43565954846927196
2042,0.4637771639688862
2043,0.48118423982729663
2044,0.45346842802514525
2045,0.43771798903299747
2046,0.473528028833061
2047,0.4634174687670207
2048,0.4772060951116558
2049,0.4789944207573075
2050,0.4765439722619372
2051,0.4321721228639025
2052,0.46503811395073075
2053,0.48173696923792664
2054,0.4613778218897513
2055,0.4383706263900236
2056,0.46831162839846585
2057,0.4559868706597222
2058,0.45590690884281954
2059,0.48162841796875
2060,0.4657562189372277
2061,0.46116107394925565
2062,0.459780181242057
2063,0.4877409315143882
2064,0.4654671773585013
2065,0.46267112892610746
2066,0.46028548318922474
2067,0.45185673643734114
2068,0.46316397562352485
2069,0.46982478610657225
2070,0.4456843401784904
2071,0.47321274701286764
2072,0.4812096822235839
2073,0.4618135340073529
2074,0.47569165198631536
2075,0.4690903252938907
2076,0.4640677569132398
2077,0.47292893575254175
2078,0.42425869544866557
2079,0.4463535993100944
2080,0.4873311050403958
2081,0.4790542591457879
2082,0.4752487149373638
2083,0.4721213834564497
2084,0.4702806659773284
2085,0.4653618617947758
2086,0.47276989861338053
2087,0.481713565779321
2088,0.4458026872134849
2089,0.48115294656635804
2090,0.4662855005645198
2091,0.47123475583809915
2092,0.4683659705201525
2093,0.45387382202591686
2094,0.4707941679999546
2095,0.45536561521309915
2096,0.4339580549740151
2097,0.45829725300131624
2098,0.483316702693809
2099,0.45687824102441904
2100,0.45923250485089867
2101,0.4755853612784813
2102,0.44359682259043665
2103,0.4677348749829793
2104,0.4702785827149147
2105,0.49923646216299017
2106,0.47560362306815085
2107,0.43943796594158496
2108,0.4753358573608842
2109,0.46100301195420296
2110,0.4623253960148874
2111,0.4666990059912854
2112,0.4689210048168573
2113,0.4637597000243963
2114,0.4721708941823257
2115,0.4760740857758034
2116,0.47199647636108844
2117,0.4318791363840096
2118,0.4698404770617738
2119,0.46705923308993735
2120,0.4639160776796251
2121,0.4266198296086374
2122,0.4601325628631082
2123,0.4798820235197667
2124,0.47069576709445354
2125,0.47858353048974217
2126,0.4506168407032952
2127,0.4719873897909858
2128,0.4900771994995915
2129,0.4366680247764615
2130,0.4630789164624183
2131,0.4736422979926925
2132,0.45566072928013795
2133,0.47697525190631807
2134,0.4520587242420116
2135,0.4683912356175109
2136,0.4674941473623593
2137,0.444281506728849
2138,0.4638742794571532
2139,0.4764588687760984
2140,0.47451944011835057
2141,0.4668562701411583
2142,0.4590060941187818
2143,0.44744274662990197
2144,0.4711852894369553
2145,0.4769471943508306
2146,0.47916861695488383
2147,0.4369213849457607
2148,0.47957604989333696
2149,0.507254008374183
2150,0.46729180495983114
2151,0.4787378692072894
2152,0.4728688314156681
2153,0.47973371296579975
2154,0.4737716375612745
2155,0.48397988933710057
2156,0.4752483603395062
2157,0.46449163432734203
2158,0.46535317414726307
2159,0.4691404122412854
2160,0.4862203272512709
2161,0.4733159793141794
2162,0.4673191089948711
2163,0.4471399643841912
2164,0.4680549438742511
2165,0.4729020749648239
2166,0.4474945179171205
2167,0.44626220171228215
2168,0.46135645736882713
2169,0.4685104691471496
2170,0.42959743214415397
2171,0.4580976144074528
2172,0.4793307568252996
2173,0.46887809847608025
2174,0.4640879246663943
2175,0.4667110179937137
2176,0.476486527408996
2177,0.4846172789862473
2178,0.45015555321520967
2179,0.4653520660289579
2180,0.5047229775156591
2181,0.46928127624024146
2182,0.4564617658405955
2183,0.4729309303654911
2184,0.43592372387322986
2185,0.46674031664170296
2186,0.47733490278345136
2187,0.4920408294611247
2188,0.47720924216764254
2189,0.5021085718358524
2190,0.4937554430771151
2191,0.4837809599389524
2192,0.4768704239146469
2193,0.4706543234698393
2194,0.4825739974809368
2195,0.4717856236099764
2196,0.48698878513355576
2197,0.48673263250612747
2198,0.4719846859823212
2199,0.4538470942123956
2200,0.44542517346927196
2201,0.4780349676039397
2202,0.4934772610577796
2203,0.49136629568638795
2204,0.4491883875584377
2205,0.4735497479518428
2206,0.46567430683210786
2207,0.48027168224060457
2208,0.48330562151075707
2209,0.4679428466264978
2210,0.46703418961624
2211,0.44563709001395696
2212,0.4418740088989878
2213,0.4479295208390069
2214,0.47439010054976855
2215,0.4705025555867602
2216,0.46175719727271697
2217,0.4647701709445352
2218,0.4629654451479666
2219,0.46957847356969407
2220,0.4724045298457925
2221,0.4788491242851307
2222,0.4488508990474083
2223,0.47636365925131624
2224,0.4270015985271423
2225,0.47837041717728757
2226,0.4602781252836783
2227,0.45555785157668394
2228,0.45921539550426654
2229,0.48728354460273693
2230,0.4676179906641476
2231,0.47146985421772875
2232,0.4556993804466231
2233,0.4570985349434913
2234,0.43808198373388707
2235,0.48918028854336876
2236,0.47175814227600765
2237,0.45543258988346497
2238,0.4759119015806554
2239,0.4660865268416394
2240,0.45752112694035946
2241,0.479410452693809
2242,0.4359983667222676
2243,0.4764676007483433
2244,0.4898492374018473
2245,0.4868620163994417
2246,0.49070523663024235
2247,0.458071196867057
2248,0.4622767274589234
2249,0.47166568088462235
2250,0.4612149728236202
2251,0.45688887896014885
2252,0.4856984478542574
2253,0.4524524608382126
2254,0.44414560709990014
2255,0.4811119905137981
2256,0.45544123320624547
2257,0.47577112623116374
2258,0.47671586357343865
2259,0.4799658859131037
2260,0.4878694732377905
2261,0.4434676159960512
2262,0.4717234803354212
2263,0.46616356322621644
2264,0.45047243072576254
2265,0.48923396579407225
2266,0.47993596671886346
2267,0.46984092030909586
2268,0.4768061087282135
2269,0.465411195221723
2270,0.4684207558891612
2271,0.45316728579452614
2272,0.45415133917426925
2273,0.45670856594952797
2274,0.4631261666269517
2275,0.4698950851318537
2276,0.44900186908530776
2277,0.4626045975030637
2278,0.4570400262969771
2279,0.4639268485895516
2280,0.4868987616024419
2281,0.4734100363959241
2282,0.4501321054318718
2283,0.4827450466225263
2284,0.4817804961249546
2285,0.4240824603134078
2286,0.4930550236587691
2287,0.45373845429375453
2288,0.42357777891249093
2289,0.4760812220576888
2290,0.49775752314814814
2291,0.4700001790719181
2292,0.45377032377621185
2293,0.45374191162286676
2294,0.4761727083049655
2295,0.4976752564451707
2296,0.4786140702302333
2297,0.4790947719510258
2298,0.4724090952932099
2299,0.47854062414896514
2300,0.47736788038421385
2301,0.4508636408122277
2302,0.43345297465050836
2303,0.47326172584195714
2304,0.46585280252870825
2305,0.4829797017548339
2306,0.46084871756138795
2307,0.46765535641339867
2308,0.47434191956585875
2309,0.46524395800710333
2310,0.4890712053774056
2311,0.47929139646309915
2312,0.4749783340708969
2313,0.46443170728939726
2314,0.4619550628772921
2315,0.4658232379323257
2316,0.48977042802798204
2317,0.46317598762595313
2318,0.4722361401881354
2319,0.4678127978622004
2320,0.49408442123956064
2321,0.4571991077608705
2322,0.46561557656193264
2323,0.46421292041122003
2324,0.4273781814519789
2325,0.4906230142519971
2326,0.4740859442373593
2327,0.47233915086578615
2328,0.4926545940280047
2329,0.4834143944035948
2330,0.48365543229734026
2331,0.45222990635779775
2332,0.4604276769301471
2333,0.46495008503256624
2334,0.4519380279962101
2335,0.4675834173730256
2336,0.41239362950764796
2337,0.4392891234908315
2338,0.43786940231821897
2339,0.4664415679466231
2340,0.4803760226602215
2341,0.47047955105074435
2342,0.4701293856663036
2343,0.46158880761505994
2344,0.4348922873547567
2345,0.45699251018405046
2346,0.47970929003835333
2347,0.4692947509588326
2348,0.4768866910913671
2349,0.47209851189463053
2350,0.4238952769692947
2351,0.4527528495483842
2352,0.4713451244212963
2353,0.44914020657452797
2354,0.47713814529718135
2355,0.4623844365581881
2356,0.46378744730675836
2357,0.4685880817532453
2358,0.47523524021877267
2359,0.4657602968125908
2360,0.4702177691823257
2361,0.4751469896769472
2362,0.46727407506694807
2363,0.40924081130571444
2364,0.4664496350478849
2365,0.4427690582164579
2366,0.47018253102022056
2367,0.48439374936172386
2368,0.43974079251202797
2369,0.4853586544571532
2370,0.4666638564786447
2371,0.46829354390772515
2372,0.443906342195443
2373,0.45605903132375636
2374,0.442934478117057
2375,0.48482675767066086
2376,0.47019950739265615
2377,0.45267022824754904
2378,0.4477439331852533
2379,0.46026243432847674
2380,0.47974470549938725
2381,0.4441085072990423
2382,0.4651667443235975
2383,0.46859645912763254
2384,0.48038661627121915
2385,0.460856828987382
2386,0.496028016422136
2387,0.45422106197803197
2388,0.47812716304693176
2389,0.46589038990162035
2390,0.4795376646752451
2391,0.47592036760450707
2392,0.44092701099537035
2393,0.4764794354518428
2394,0.45467707482298475
2395,0.47095036835625453
2396,0.48084692861519607
2397,0.42407997812840414
2398,0.45325482714063636
2399,0.449982553785403
2400,0.4690592536566131
2401,0.47342976090175654
2402,0.4558554921534586
2403,0.4674087336033951
2404,0.44352488355006353
2405,0.4637686979450345
2406,0.5043073888264796
2407,0.4655195248672386
2408,0.4609414005764343
2409,0.4488162371068219
2410,0.4761924328107979
2411,0.4759992656278368
2412,0.47454005111882713
2413,0.4895515968250726
2414,0.4727926815257353
2415,0.448776566471496
2416,0.4889570248672386
2417,0.4590263061966685
2418,0.46399599517179557
2419,0.4378897916950345
2420,0.4718034421523239
2421,0.4896441468659223
2422,0.49243075413035586
2423,0.4619803722993827
2424,0.46936176995393064
2425,0.4679603992204521
2426,0.4481294253812636
2427,0.46048130985611835
2428,0.48928804196736564
2429,0.4666620391646242
2430,0.49239795382852214
2431,0.44959692861519607
2432,0.452746422462214
2433,0.4810772399237473
2434,0.47363715632375636
2435,0.48035341704679557
2436,0.43543304908769065
2437,0.4755043799927378
2438,0.4488122478809232
2439,0.469203707958878
2440,0.42946773797771426
2441,0.46345465721734297
2442,0.46655880686331247
2443,0.4625056203760439
2444,0.47781985967853574
2445,0.471514710846723
2446,0.4737562125544662
2447,0.461421082828386
2448,0.4717485238091186
2449,0.4537282596053468
2450,0.4701245099457607
2451,0.46767862689780776
2452,0.4584754384247912
2453,0.44725042161685274
2454,0.4560455566051652
2455,0.465283362694036
2456,0.4696908367658406
2457,0.47850436651801925
2458,0.46302856356663036
2459,0.4636176392576707
2460,0.46066485857219047
2461,0.4712507127416939
2462,0.43610864665600035
2463,0.4618663690881445
2464,0.4413655598958333
2465,0.46372694404729486
2466,0.4778483161566131
2467,0.4798858797714688
2468,0.4879754093477669
2469,0.4568652538778822
2470,0.4683810409291031
2471,0.44433230287195896
2472,0.4648324028685548
2473,0.4394982475773874
2474,0.4735381791967366
2475,0.47740927968409586
2476,0.468157777252973
2477,0.4825929684663217
2478,0.4636098381048021
2479,0.4815644573801743
2480,0.4819761011681872
2481,0.46817076439950983
2482,0.47690300259281954
2483,0.4585276529593319
2484,0.46819802410981753
2485,0.464285258374183
2486,0.43594610786299476
2487,0.48820217467774146
2488,0.46022076908020154
2489,0.465916984740945
2490,0.4772764827864016
2491,0.4733495331364606
2492,0.4742746789470997
2493,0.4604605658814452
2494,0.4648774811212101
2495,0.47099229955292304
2496,0.4817949459876543
2497,0.47106774024714054
2498,0.4749770929783951
2499,0.4551693452988834
2500,0.4514615814497095
2501,0.443512827222903
2502,0.47677641115763436
2503,0.49010734031749276
2504,0.46676358712611205
2505,0.4624350554023693
2506,0.4797657154224537
2507,0.4699186658893882
2508,0.428264055549882
2509,0.4663280966321714
2510,0.47641764677514525
2511,0.42690217815280046
2512,0.4802606897070171
2513,0.4577472273993509
2514,0.45330837141714325
2515,0.4848783073342184
2516,0.4749036468971269
2517,0.45312796975705794
2518,0.4677768948291122
2519,0.4385168536815768
2520,0.4428125851034858
2521,0.4704682925687636
2522,0.45089373730539667
2523,0.4832636903140886
2524,0.46435298656499635
2525,0.45085982888525783
2526,0.45307061355358114
2527,0.4432494939888571
2528,0.48397004924655046
2529,0.45311267772444624
2530,0.4723142403662854
2531,0.47062347345622274
2532,0.4772521928331518
2533,0.4539079077449846
2534,0.4832929446373457
2535,0.47032871398704157
2536,0.47536307274645967
2537,0.4714930803774056
2538,0.4734546270765251
2539,0.46711432873207154
2540,0.5049048418919072
2541,0.42967916695034497
2542,0.46128208046818264
2543,0.49312993245620007
2544,0.4760191231078658
2545,0.48975096947054286
2546,0.46095398880038124
2547,0.4667387209513435
2548,0.4647582919163036
2549,0.46778793168743193
2550,0.45881966429511617
2551,0.48645484940938183
2552,0.45370591994031406
2553,0.4677532254221133
2554,0.45677669306293117
2555,0.4708720022297113
2556,0.4735722649158043
2557,0.45049805042097857
2558,0.4658024053081881
2559,0.4874927130140251
2560,0.47932614705314996
2561,0.4714419739611701
2562,0.462431154825935
2563,0.46848170239594683
2564,0.4650585919770107
2565,0.4129162624251089
2566,0.4570157806684595
2567,0.44890280330882354
2568,0.4673063877967275
2569,0.4203687126253858
2570,0.49291101260382625
2571,0.4688000869473947
2572,0.46042625853871644
2573,0.43272817662944807
2574,0.4396943401926743
2575,0.4669352568139524
2576,0.4410290908536447
2577,0.4609344415934777
2578,0.4273594764149873
2579,0.4547817255157271
2580,0.4837734247344771
2581,0.4738687973742738
2582,0.48843275193468594
2583,0.4781932955473856
2584,0.4835895657452796
2585,0.4406076069750817
2586,0.4500604766646242
2587,0.49007591408235746
2588,0.441703314355256
2589,0.4425678239322349
2590,0.45897107758033767
2591,0.47455729343965597
2592,0.4695843244343455
2593,0.4678235244473947
2594,0.48633787644108567
2595,0.45059689457380175
2596,0.4710069710392838
2597,0.44407318048747274
2598,0.44654277726715685
2599,0.4584667507772785
2600,0.4408299841565677
2601,0.407042393237677
2602,0.46852137303127267
2603,0.47387655420241015
2604,0.4830007116779003
2605,0.4385316581421342
2606,0.47213614359227485
2607,0.4753315135371278
2608,0.4959797467887618
2609,0.4887386812363834
2610,0.46002795649509803
2611,0.4596820462849492
2612,0.4789946867057008
2613,0.4560339435253268
2614,0.48089045550222403
2615,0.4674387857718319
2616,0.4584182595202433
2617,0.4735558647648874
2618,0.46236067850172474
2619,0.46532600308641975
2620,0.45533968524475765
2621,0.4568953503710512
2622,0.46174225983796297
2623,0.46275849297328886
2624,0.45958639351284497
2625,0.4563884970582562
2626,0.4429436090118918
2627,0.46664235898352396
2628,0.4770670927514524
2629,0.47835512514467593
2630,0.4700339101931282
2631,0.47504207303581153
2632,0.4702412612903958
2633,0.45003516724253356
2634,0.4641158935724174
2635,0.4722888866194626
2636,0.473653512149941
2637,0.47841585002780046
2638,0.47815238381955794
2639,0.47348849117193176
2640,0.4662925038722086
2641,0.4555518677378359
2642,0.4496322111020334
2643,0.45318457244008714
2644,0.4741851873127723
2645,0.4812001967308914
2646,0.46859238125226943
2647,0.41203366835738925
2648,0.4713289015693083
2649,0.46564053138616557
2650,0.4772919077932099
2651,0.4800254140284586
2652,0.46432133870620007
2653,0.4520358526801925
2654,0.4787724424984114
2655,0.4960098432819308
2656,0.4687579784517974
2657,0.47283399217615285
2658,0.45618141190938183
2659,0.47685149725399417
2660,0.4667513978247549
2661,0.47701780364923746
2662,0.4641269304307371
2663,0.45931689914102214
2664,0.4904987277028867
2665,0.4762764281783315
2666,0.47315126860929557
2667,0.4607791720565541
2668,0.48881757925971314
2669,0.4550590210404185
2670,0.4593165445431645
2671,0.4597636037922113
2672,0.4682223583877996
2673,0.4805869640607979
2674,0.44796303033655593
2675,0.4684177418073711
2676,0.46068564687159586
2677,0.47846296721813725
2678,0.475787171784223
2679,0.47676586187136893
2680,0.461356634667756
2681,0.47707932637754175
2682,0.4746095522989288
2683,0.4801940253097767
2684,0.4597284986043028
2685,0.477120991625817
2686,0.4707993983183551
2687,0.4463075459133306
2688,0.46857030753563
2689,0.4702671026092729
2690,0.4251254212622549
2691,0.4726935714245189
2692,0.4674136536486701
2693,0.44615759534427196
2694,0.4349570457885122
2695,0.4539345912337736
2696,0.4579927864157816
2697,0.43048459165929104
2698,0.46018309305782495
2699,0.48526158329361835
2700,0.45931849483138165
2701,0.44528355594986835
2702,0.47508294043890703
2703,0.45267732020470225
2704,0.4435328176771287
2705,0.4399839579929194
2706,0.4661426419526144
2707,0.48422846243532136
2708,0.4678990537910766
2709,0.45690235367874
2710,0.46334659352022056
2711,0.4534249011381173
2712,0.4603635833673747
2713,0.4637205169611247
2714,0.4758351754692039
2715,0.46489357099900147
2716,0.4630200088933143
2717,0.43194726349741286
2718,0.4609332891504403
2719,0.46918562346813725
2720,0.47492815847403774
2721,0.48720034708038307
2722,0.46933632755764343
2723,0.4447724031380492
2724,0.4739166680850581
2725,0.46573715930237836
2726,0.4800710241779003
2727,0.4610683466094771
2728,0.462873338354439
2729,0.4887963033882535
2730,0.4711114001083651
2731,0.46543185054693176
2732,0.4746366790350399
2733,0.48139389581063907
2734,0.4712133469924428
2735,0.47098432110112565
2736,0.45953036705133443
2737,0.44709736831653957
2738,0.48599622140522875
2739,0.43459433650485657
2740,0.43959913066789214
2741,0.4597344381184187
2742,0.4383300692600536
2743,0.4645668090731663
2744,0.45440882154366374
2745,0.45646079069648693
2746,0.4474846778265704
2747,0.46344335441063
2748,0.4777896745359023
2749,0.4552813538971723
2750,0.4674504875011347
2751,0.47715645141158314
2752,0.47113759602509986
2753,0.4366962153061456
2754,0.46570967796840956
2755,0.4658916753188544
2756,0.4738901175704657
2757,0.4654033940688544
2758,0.4669674365695352
2759,0.4531992439264479
2760,0.4536693963609749
2761,0.45375919826842775
2762,0.4584558025684232
2763,0.4677274727527006
2764,0.44962777862881265
2765,0.4678518036265432
2766,0.46402759870585963
2767,0.4553775828907952
2768,0.4396649085704884
2769,0.45209462727509986
2770,0.4449767844782589
2771,0.4764298804012346
2772,0.4809869947689724
2773,0.45860247310729846
2774,0.4860222843477669
2775,0.4785946116727941
2776,0.4781372690858751
2777,0.44556914019948257
2778,0.4798537886653504
2779,0.4187537410073983
2780,0.4774059996539125
2781,0.47086136429398145
2782,0.4462032941431781
2783,0.4621882552934368
2784,0.47210431843454975
2785,0.4742960434680238
2786,0.4651150616858433
2787,0.46771905105358114
2788,0.47171585648148145
2789,0.4420030381944444
2790,0.4592383557155501
2791,0.46142954885223764
2792,0.47258444393382354
2793,0.4800755896253177
2794,0.43364334937534044
2795,0.45047903511086146
2796,0.4398609125363108
2797,0.47455388043527597
2798,0.45964751731855935
2799,0.44644867586067993
2800,0.43926111026007625
2801,0.4951454666791485
2802,0.48669389269017793
2803,0.474427333324823
2804,0.45689348873229846
2805,0.46995483487086964
2806,0.4853723507994054
2807,0.46834265571101125
2808,0.47116880063657407
2809,0.4725261125862382
2810,0.4780081511409541
2811,0.4679888113737972
2812,0.48218491498161764
2813,0.4735843212429648
2814,0.4760435460353123
2815,0.4641861482729666
2816,0.4419088924632353
2817,0.48061688325503815
2818,0.48301533883952885
2819,0.45561396668765886
2820,0.469506534529321
2821,0.4587781763457698
2822,0.45111691233206247
2823,0.48348345233637435
2824,0.5021518327744872
2825,0.4666536174655047
2826,0.4972929113051471
2827,0.46373962092070625
2828,0.4687035476806463
2829,0.49897423704724947
2830,0.473975974576752
2831,0.44999128575764796
2832,0.4993644276648738
2833,0.4989491935735521
2834,0.49642006867851307
2835,0.4747375621255447
2836,0.47169617630038124
2837,0.461629586368691
2838,0.46588617905206064
2839,0.47973557460455246
2840,0.4795087649498457
2841,0.4548541964528867
2842,0.4661806282481164
2843,0.46416753188543936
2844,0.46577341693332425
2845,0.4884860302627996
2846,0.4697664104342547
2847,0.44754690975059
2848,0.44474611857185004
2849,0.4798848159778958
2850,0.4709098555510167
2851,0.47777256518927014
2852,0.4726969401041667
2853,0.4762989008175608
2854,0.4626010071997549
2855,0.43460005439531135
2856,0.4796122188748184
2857,0.4707775019006445
2858,0.4438620174632353
2859,0.4757207733353758
2860,0.4643599898726852
2861,0.4663062002144608
2862,0.4739546987052923
2863,0.44554369780319536
2864,0.46336848993793117
2865,0.4746871205802923
2866,0.4576294122611429
2867,0.4878466903254357
2868,0.4751291711345997
2869,0.45078403359318264
2870,0.47501388250612747
2871,0.47142393379516156
2872,0.4617644222040668
2873,0.45461147421931736
2874,0.46149062833321985
2875,0.46580900969328703
2876,0.4679126614838644
2877,0.4479392722800926
2878,0.43710302769834786
2879,0.4738803218046478
2880,0.4674758412479575
2881,0.4712127264461919
2882,0.44275101805044936
2883,0.4704567681383896
2884,0.43651381903311093
2885,0.4583613465640886
2886,0.47359203374636893
2887,0.47851593527312547
2888,0.46846641036333514
2889,0.4656545380015432
2890,0.4585113414578795
2891,0.4723458882250817
2892,0.4617653973481754
2893,0.4464203523567992
2894,0.46520446467070625
2895,0.47660602688702797
2896,0.4579946037298021
2897,0.44895470757023875
2898,0.4428188792154593
2899,0.46145450367647056
2900,0.4291657979019154
2901,0.5006662893745462
2902,0.46444739824459874
2903,0.47739500712032495
2904,0.47165349158326525
2905,0.45969055663353303
2906,0.45825337151643064
2907,0.46957492759111746
2908,0.46763731624739013
2909,0.4385703093086193
2910,0.4570058076037128
2911,0.4674504875011347
2912,0.4728115638616558
2913,0.4576999329100853
2914,0.461421082828386
2915,0.46416691133918847
2916,0.4746158464109023
2917,0.47804152766430646
2918,0.47596575613028774
2919,0.4691753401302651
2920,0.4388581984443083
2921,0.46754627324743553
2922,0.46479392900099853
2923,0.4469460436807825
2924,0.47827636009554286
2925,0.4677584557405138
2926,0.4588675350059005
2927,0.47020779611757896
2928,0.47235608291348946
2929,0.48213075015885987
2930,0.4794561071679829
2931,0.4404496779542257
2932,0.47265704784517976
2933,0.4714843927298929
2934,0.4672193340226716
2935,0.48216878077909403
2936,0.4740491103848947
2937,0.4662947644335512
2938,0.48176023972233567
2939,0.47425145278742287
2940,0.4853492576139252
2941,0.46606773315518335
2942,0.44619943789147604
2943,0.4752794319767838
2944,0.46867039278095496
2945,0.47185273125453886
2946,0.4575536169690677
2947,0.4780024332504993
2948,0.48174840501883626
2949,0.46006377087872186
2950,0.4542898096376861
2951,0.4625233945936592
2952,0.43345479196452885
2953,0.44964896585080794
2954,0.4793680782498184
2955,0.4632136636483297
2956,0.47883210358796297
2957,0.45847792060979486
2958,0.42677718240797474
2959,0.4903926586187137
2960,0.4731487420995597
2961,0.45690301854972315
2962,0.4672845357037491
2963,0.49101998655364926
2964,0.5077089574255628
2965,0.4869891840561456
2966,0.4731358879272195
2967,0.4447050738698257
2968,0.4601217033037173
2969,0.480366315543868
2970,0.4580164114980483
2971,0.45543600288784497
2972,0.46370726386619465
2973,0.4633144137646378
2974,0.4467198988970588
2975,0.46848817380684915
2976,0.48164362135189726
2977,0.447398155949301
2978,0.4804032823705292
2979,0.43909821686921297
2980,0.4761796229631899
2981,0.47312626946033043
2982,0.44754176808165397
2983,0.4727920609794844
2984,0.43416026440234656
2985,0.4520567296290623
2986,0.4554536884559958
2987,0.48547021980812
2988,0.4635343087611202
2989,0.47296319877053833
2990,0.41298514305895967
2991,0.4766366996017157
2992,0.4976473318638798
2993,0.48836910161923563
2994,0.44680300776994825
2995,0.47143523660187453
2996,0.4671816136755628
2997,0.46686646482956606
2998,0.47659481272977944
2999,0.46599521789329157
3000,0.47673687349650506
3001,0.45030904976284497
3002,0.49042177996777414
3003,0.45743287639853397
3004,0.4489549291938998
3005,0.4657797996947622
3006,0.4461708927639343
3007,0.45362507162876725
3008,0.4641788346921523
3009,0.47337759069194807
3010,0.45771216653617464
3011,0.477209774064429
3012,0.4843738475569626
3013,0.46388460711975765
3014,0.46500535797362924
3015,0.47392101190881447
3016,0.4302342898965142
3017,0.4649496861099764
3018,0.47546475368214414
3019,0.4396834363085512
3020,0.4669517899390659
3021,0.4702843449301017
3022,0.46574744264025053
3023,0.4530782374075209
3024,0.43828304071918117
3025,0.4710369788829884
3026,0.4578131382761438
3027,0.4624082832641158
3028,0.46821296154457154
3029,0.4610930354853168
3030,0.49622831988698257
3031,0.46629272549586964
3032,0.4710796192753722
3033,0.47926444702591686
3034,0.4338599643416394
3035,0.48471550259281954
3036,0.47626973514376814
3037,0.46150725010779775
3038,0.45634576801640797
3039,0.4768651492715142
3040,0.4708060027034541
3041,0.462233111922431
3042,0.4862810078096632
3043,0.47023035740627267
3044,0.47160047920354486
3045,0.46268828259747186
3046,0.46592039774532495
3047,0.4399752703454067
3048,0.4819156865581881
3049,0.47419050628063725
3050,0.43803974226409315
3051,0.4771636320182008
3052,0.4394027721042121
3053,0.41615507060752543
3054,0.4650390004453749
3055,0.4653119078215777
3056,0.456566017610748
3057,0.4602533920831064
3058,0.4866126454560412
3059,0.47748995069671385
3060,0.4733880513287491
3061,0.4316450131484886
3062,0.47359283159154864
3063,0.4641754216877723
3064,0.4685374185843319
3065,0.4278478019897195
3066,0.4639792404230211
3067,0.4692445753619735
3068,0.4501377789975944
3069,0.45156379428218046
3070,0.46334801191165126
3071,0.4503530642219272
3072,0.47601819228848946
3073,0.4785293656669844
3074,0.4759480705621369
3075,0.45457113871300836
3076,0.4635061182314361
3077,0.4656844128710512
3078,0.4587976792279412
3079,0.48934397977941174
3080,0.46883536943423204
3081,0.47758024017622097
3082,0.4739042571600399
3083,0.4696926984045933
3084,0.4599909010189724
3085,0.473802044327569
3086,0.48764350575299564
3087,0.4761544465152959
3088,0.4449851175279139
3089,0.46536859915407136
3090,0.4692604879408361
3091,0.46053543035414396
3092,0.4805953414351852
3093,0.4665620425687636
3094,0.46419164453976036
3095,0.44924264103066
3096,0.45308333475172474
3097,0.4492873646854575
3098,0.4567725708628359
3099,0.4720458984375
3100,0.46160644885847857
3101,0.4715574398885712
3102,0.4836982056639207
3103,0.4480355012737155
3104,0.4681179293187182
3105,0.4737770895033361
3106,0.4842577167585784
3107,0.45808591267814996
3108,0.47469527633101855
3109,0.46816686382307554
3110,0.4835201532146423
3111,0.4774829473890251
3112,0.48407585238233025
3113,0.4903807352657498
3114,0.4717497205768882
3115,0.45413148169424017
3116,0.45726000994292393
3117,0.47470759860657225
3118,0.45382054369780317
3119,0.45812252490695354
3120,0.4965798593381218
3121,0.46354680833560274
3122,0.4695444765000908
3123,0.4482221970457743
3124,0.4611637334331881
3125,0.49665756059368193
3126,0.47675801639376814
3127,0.4647192861519608
3128,0.46978272193570714
3129,0.4620811224156908
3130,0.47841008781261346
3131,0.46395136016646243
3132,0.49409390673225306
3133,0.4596022174422431
3134,0.4683372037689497
3135,0.47108693285618647
3136,0.4747186797896242
3137,0.47133000968761346
3138,0.47279126313430464
3139,0.4667678866251362
3140,0.4573737915305011
3141,0.4505196808902959
3142,0.46205062699993193
3143,0.44305220460580064
3144,0.4620125077302333
3145,0.47668993360509715
3146,0.4703963092036583
3147,0.45997441221859114
3148,0.4649901102657498
3149,0.42401380130321803
3150,0.4745076497395833
3151,0.4381776808307235
3152,0.47248843656386164
3153,0.4642583089370007
3154,0.45773814082924835
3155,0.46109662578862565
3156,0.4860988774850218
3157,0.4458499373780183
3158,0.4554082112807507
3159,0.4886955975966776
3160,0.4836705470310231
3161,0.45205101173860746
3162,0.47308832748956064
3163,0.47499588666485115
3164,0.4754660834241104
3165,0.48198962021151054
3166,0.471051207122027
3167,0.46544975773874364
3168,0.45845775285664037
3169,0.4584685237665668
3170,0.45425953584558826
3171,0.4932578536333515
3172,0.4516438447485476
3173,0.42604883840833785
3174,0.4692865952081064
3175,0.4872983047385621
3176,0.47575782881150147
3177,0.4478120602986565
3178,0.47684382907532225
3179,0.46642906837214054
3180,0.47048739652834515
3181,0.4493575307365423
3182,0.4772954094470543
3183,0.4782635502479348
3184,0.4620151228894335
3185,0.4841729235458651
3186,0.4739879865791803
3187,0.4414810701479666
3188,0.47435481806293117
3189,0.4670403950787491
3190,0.477573635791122
3191,0.45972570614617375
3192,0.46137879703385987
3193,0.47156993946305376
3194,0.47543173175664943
3195,0.4754184786617193
3196,0.46632596904502543
3197,0.47349212579997274
3198,0.4909605027630265
3199,0.4259309789453976
3200,0.426309866756309
3201,0.4407453682427832
3202,0.4485533027953658
3203,0.4748633113908179
3204,0.48442411180328615
3205,0.4681557383152914
3206,0.4717656774804829
3207,0.46888740666984385
3208,0.47624903549382713
3209,0.41582702326445625
3210,0.4377892632023874
3211,0.45332614563475854
3212,0.47315445999001454
3213,0.45529163723504446
3214,0.4767064667302106
3215,0.4771469215941585
3216,0.48205677218080517
3217,0.45991798683449076
3218,0.4528735457941857
3219,0.42709312909915126
3220,0.485978136914488
3221,0.48894678585409856
3222,0.48078624805680376
3223,0.46687493085341775
3224,0.4903025464381354
3225,0.46884334788602944
3226,0.4625451580371732
3227,0.4836377910539216
3228,0.434605949584695
3229,0.4834147046767202
3230,0.4448506362903958
3231,0.4632205339818219
3232,0.48707366699573346
3233,0.4918128230386483
3234,0.43369286010121644
3235,0.47176346124387253
3236,0.4414352383748638
3237,0.4830714539505038
3238,0.4629545412638435
3239,0.4801158808068945
3240,0.4291670389944172
3241,0.46399590652233114
3242,0.4510004269358206
3243,0.4610556254113335
3244,0.4668907547828159
3245,0.4514751448177651
3246,0.4853515181752678
3247,0.4734732434640523
3248,0.4554766929920116
3249,0.4747514800914579
3250,0.5034681443468592
3251,0.43281514175403957
3252,0.4655088869315087
3253,0.4783179366943537
3254,0.4818479583673747
3255,0.4526466918147467
3256,0.47782092347210875
3257,0.4674707882284858
3258,0.4543570502564452
3259,0.4702925893302923
3260,0.4678217514581064
3261,0.4627441317600536
3262,0.458868066902687
3263,0.45139775383533043
3264,0.44938297313282954
3265,0.47231388576842775
3266,0.44542056369712235
3267,0.46731308083129086
3268,0.47969351043368735
3269,0.42827815081472403
3270,0.4713478725546932
3271,0.47297201939224764
3272,0.47033771190767976
3273,0.47212497375975854
3274,0.4706466552911674
3275,0.4320484125363108
3276,0.46221307714347315
3277,0.4651017199414488
3278,0.47856704168936093
3279,0.4656687219158497
3280,0.4525307826400236
3281,0.4686697722347041
3282,0.43602744374659586
3283,0.46066410505174293
3284,0.47242691383555735
3285,0.4476215082748956
3286,0.4681782996039851
3287,0.454793648868691
3288,0.4594848898760893
3289,0.47094646777982024
3290,0.4825881813952433
3291,0.4445856630412582
3292,0.4184283974729938
3293,0.4772898688555283
3294,0.47717205371732024
3295,0.47411914346178285
3296,0.45203186345429375
3297,0.46334468755673563
3298,0.43549182368259803
3299,0.4713726944047295
3300,0.44437840059345496
3301,0.45047327289567446
3302,0.4556754007664987
3303,0.44256024440302744
3304,0.4512450994576071
3305,0.4677814159517974
3306,0.45787058312908496
3307,0.46749002516226396
3308,0.4621828920008397
3309,0.4553044470826525
3310,0.48700097443491286
3311,0.48341661064020514
3312,0.48599896953862565
3313,0.4328598210841049
3314,0.4650850538421387
3315,0.4800749690790668
3316,0.45884191531068447
3317,0.4784678429386801
3318,0.45277279567787765
3319,0.4714349706534813
3320,0.4823649620438453
3321,0.4409178357758034
3322,0.432886726196555
3323,0.4686250042551743
3324,0.45052907773352396
3325,0.46722780004652326
3326,0.5067755672147332
3327,0.4730034013026507
3328,0.4658321915282317
3329,0.47234212062284403
3330,0.48070743868293847
3331,0.4603271927622322
3332,0.4895634758533043
3333,0.47174386971223675
3334,0.4543707909234296
3335,0.4430127112694036
3336,0.46282063624784403
3337,0.45680413007216775
3338,0.48905764200935004
3339,0.4716806626441086
3340,0.4580295316187818
3341,0.4673410054125817
3342,0.4722590560746868
3343,0.4649600137725808
3344,0.4381113267066086
3345,0.46711960337520425
3346,0.48128370452637076
3347,0.4533145325549201
3348,0.46297891986655776
3349,0.4660501805612291
3350,0.4554616669077932
3351,0.44674587319013254
3352,0.4573229953873911
3353,0.47088423585580064
3354,0.49035347555544206
3355,0.425373639762618
3356,0.4848091607519744
3357,0.504817300545797
3358,0.4704690017644789
3359,0.4642880065075799
3360,0.48864059060400783
3361,0.4703428535766158
3362,0.46723484767894424
3363,0.48313080476692993
3364,0.45828306908700983
3365,0.4905339215402596
3366,0.48277970856311275
3367,0.48611709494995914
3368,0.4752877207017066
3369,0.45800772385053556
3370,0.4567395046126089
3371,0.441412012215187
3372,0.4636496417143246
3373,0.455938379402687
3374,0.4645817908326525
3375,0.4749761178342865
3376,0.45764878216911764
3377,0.5090240722301652
3378,0.4788796197008896
3379,0.4714613438691449
3380,0.47400301266339867
3381,0.46715475288784497
3382,0.4610388263378268
3383,0.46706313366637164
3384,0.46688064874387253
3385,0.47768914604325524
3386,0.46819975277437365
3387,0.4718334943207607
3388,0.4760006396945352
3389,0.4774670791348947
3390,0.4814661451241376
3391,0.4619311718466322
3392,0.46676287793039667
3393,0.4838595920138889
3394,0.4490643226329884
3395,0.45968834039692263
3396,0.47492496709331883
3397,0.48860282593216686
3398,0.4729007452228577
3399,0.4796077864015977
3400,0.48777541615604575
3401,0.4714405998944717
3402,0.4698769563163807
3403,0.4711440674360022
3404,0.44137034696691174
3405,0.47470352073120914
3406,0.48246535756229575
3407,0.4382841931622186
3408,0.4552837031079793
3409,0.4662468937227669
3410,0.43772188960943176
3411,0.4469354943945171
3412,0.4760344151404775
3413,0.4688520355335421
3414,0.47127216591208243
3415,0.4678576988159268
3416,0.473414069946555
3417,0.44449320164987294
3418,0.476671982088553
3419,0.44627882348686004
3420,0.47038567126792846
3421,0.45878119042755994
3422,0.4566925203964688
3423,0.4636127635371278
3424,0.4707773246017157
3425,0.464569734505492
3426,0.48085552761324435
3427,0.46822927304602396
3428,0.4659730555271877
3429,0.48491248170275053
3430,0.47557432442016156
3431,0.4911723749829793
3432,0.4569946377711964
3433,0.4640651860787718
3434,0.46458675520265974
3435,0.4956070201156273
3436,0.47635621269630535
3437,0.4708625167370189
3438,0.42139203771786493
3439,0.4398964609715414
3440,0.43436256248014254
3441,0.46450435552548563
3442,0.4728646205661084
3443,0.48105560945442993
3444,0.46551996811456064
3445,0.44626490552094683
3446,0.48124008898987836
3447,0.4500092815989243
3448,0.45509749490797474
3449,0.4339604928342865
3450,0.4602634094725853
3451,0.47307972849151236
3452,0.46568512206676654
3453,0.4569983167239697
3454,0.4539927009576979
3455,0.4769053074788943
3456,0.45497134672011164
3457,0.45559246919253815
3458,0.45081164790134803
3459,0.4867758934447622
3460,0.44961284119405864
3461,0.47076624341866374
3462,0.3963784388900236
3463,0.4802849353355347
3464,0.47752833591480576
3465,0.48359741122288036
3466,0.45622990316641704
3467,0.4912311052531545
3468,0.4771008681973947
3469,0.4809793709150327
3470,0.4385374646820534
3471,0.4868429124398602
3472,0.47166142571033043
3473,0.4510786600881672
3474,0.48386921048077797
3475,0.4573122244774646
3476,0.4739828892349764
3477,0.44472954112200436
3478,0.4704375755293437
3479,0.46928482221881807
3480,0.4388885608858705
3481,0.4723573683307235
3482,0.4724680471870461
3483,0.4516584719101761
3484,0.4444809236990514
3485,0.47586190328272515
3486,0.4900588490604575
3487,0.4733753301306055
3488,0.4882337782118056
3489,0.4794310193695534
3490,0.4361000919826843
3491,0.44652070355051743
3492,0.4837851707885122
3493,0.4744850884508896
3494,0.44350990179057737
3495,0.4757682007988381
3496,0.431314749568809
3497,0.46319877053830794
3498,0.43366520146831883
3499,0.4797980281522331
3500,0.45914930732854486
3501,0.4546622703624274
3502,0.4503201309458969
3503,0.4417867335012709
3504,0.48449104214891975
3505,0.4809500279423112
3506,0.4599827452682462
3507,0.4902897809152596
3508,0.4600943992686774
3509,0.4607471252751679
3510,0.46730811646128356
3511,0.47140700174745825
3512,0.4678108475739833
3513,0.44917628690654504
3514,0.4750335626872277
3515,0.46291451603066
3516,0.44828004082130535
3517,0.43485576377541757
3518,0.46849508846507354
3519,0.4367870810071714
3520,0.49471596002405593
3521,0.46822195946520967
3522,0.4754009703924973
3523,0.4773590154377723
3524,0.4799799368532135
3525,0.48099306725728486
3526,0.45964702974650506
3527,0.47085444963575707
3528,0.47143191224695896
3529,0.48716098671818264
3530,0.450828712923248
3531,0.46584735058664667
3532,0.4557634296846632
3533,0.45504612254334603
3534,0.45451307331381624
3535,0.4652089857933914
3536,0.45070965669253815
3537,0.45533002245313636
3538,0.4532923258640841
3539,0.4828372420655183
3540,0.4624613399685684
3541,0.47046332819875636
3542,0.46510677296092046
3543,0.4816133032350672
3544,0.448653210741762
3545,0.4722530722358388
3546,0.46890221113040126
3547,0.437616308097313
3548,0.45564601346904504
3549,0.4700351956103622
3550,0.4725841779854303
3551,0.48093141155478397
3552,0.48756367691028957
3553,0.4850447023789261
3554,0.468434363581949
3555,0.4640253381445171
3556,0.4834495882409677
3557,0.47617226505764343
3558,0.4816272655257126
3559,0.479563683293051
3560,0.4526010373405728
3561,0.46412249795751637
3562,0.49043490008850765
3563,0.4413299671358705
3564,0.4677576578953341
3565,0.4630155320953613
3566,0.4683361843001089
3567,0.4830656917353168
3568,0.4766297849434913
3569,0.4861240096081835
3570,0.455606741756309
3571,0.46444283279718135
3572,0.47054807708673746
3573,0.4655273260201071
3574,0.4715374937590777
3575,0.4590885381206881
3576,0.44797982941006265
3577,0.4778988906760621
3578,0.47672570366398875
3579,0.4570127222619372
3580,0.4663471562670207
3581,0.47463951581790126
3582,0.466937295751634
3583,0.48241637873320625
3584,0.4756533997424201
3585,0.45306365457062453
3586,0.4665837616875454
3587,0.48324542852441904
3588,0.46912339154411764
3589,0.4626418746028504
3590,0.5037124622707879
3591,0.4820319503307689
3592,0.46784843494689543
3593,0.4149242614435821
3594,0.46607331807144153
3595,0.4758854840402596
3596,0.4617653973481754
3597,0.4403252584309187
3598,0.4476485906862745
3599,0.4535083202841322
3600,0.48604409211601307
3601,0.4808362906794662
3602,0.4487145118464052
3603,0.47465068565041757
3604,0.43213728362438725
3605,0.4880516922118963
3606,0.46950861779173475
3607,0.4594870174632353
3608,0.45857773990672657
3609,0.4815023141056191
3610,0.45409384999659586
3611,0.44179072272716957
3612,0.4663282739311002
3613,0.468656740763435
3614,0.46651621079566086
3615,0.4508270729081563
3616,0.4339502981458787
3617,0.47706616193207607
3618,0.46791997506467864
3619,0.44070782519460333
3620,0.45096195306826437
3621,0.4708897321225944
3622,0.45899545618305193
3623,0.46018118709434
3624,0.4419282623712101
3625,0.4542102467433733
3626,0.44928802955644065
