,0
14494ad91c883fa1,0
c3647a9292e553b9,1
feb666a0b4f1d685,2
6ed2a6b18d1ac4e4,3
1d27531abae531c3,4
8d1046770261e25f,5
4f3620cea7a50eec,6
67a1b1d6367e38ea,7
7e92328b80237fd3,8
5078a455b31e63dd,9
8b770b5ac05dd2fc,10
a1b75be71ebab2e8,11
92cce56cc5c0089a,12
e05e63bcccbafedb,13
41612cd86f55af69,14
a86b5239a69fab6b,15
e6f5e45bb2f4f804,16
6289494731c566da,17
59e33283b96c6407,18
72ccb69fd2fd9480,19
feaaa68f9218a16a,20
c0ee18ecc06ca4d7,21
ff883052c3a1d18b,22
61b61212e9855b05,23
c5ec62a6613e386c,24
4b89a103552ec726,25
c58817eb0d6b5919,26
54b24caeab906212,27
2d9e82576b37e0a2,28
0a29ba3e013657fb,29
970eca328814a522,30
a110f92bd6ff06b9,31
e60d8ab80ba5fcdf,32
2accc0ad0a7aaff2,33
8433a9019b8006cb,34
42967ad1381a408b,35
a305b5f39a7f6eb4,36
0f2974a87af04441,37
ffa0445299656a88,38
3e48fbeea3a2e8dc,39
362db3424e7f7ca1,40
1a99a2fcfe3f7d65,41
6d5c49b1e73008e7,42
1e6b879696f4caa0,43
57e42b888551c3de,44
8ecaf4d93246ede4,45
d83d2b532882b4ca,46
671780675ed895e1,47
df56cdf7515b9679,48
e6f54aff1aeb2958,49
174b249115cbe21b,50
a27aa84c0bc13f3f,51
385865832b19f88d,52
29cf3e6e9e1e5fae,53
6facac959dbe0224,54
5756015ef5b6c0ad,55
6c1d1b9d2cb1798a,56
32bb3c3d4915ad91,57
b524420ffe9dd95f,58
ad133759d77504d2,59
a80dafa4ec0ee1bc,60
78d042f716802f2f,61
00e7359c38bef6bf,62
8e5db5e0e7a2b384,63
125d179a420af718,64
019228a37853b54f,65
f548feddcaed5165,66
68105145a475054f,67
889fadcf365e20d6,68
f3b71913d7fa0c61,69
788e796261d8fe7e,70
6a52c1698d04d2fc,71
79a1bd6e02576586,72
0aa380427d9b7d6b,73
d9a671e11888d2e5,74
a86ed5e7414d5538,75
de83701af7e75e59,76
4d2b2002b1746126,77
32863af4fa5c200b,78
cf7aec14125de538,79
4e1bd7090485fcd9,80
1e5b724075cd3d1e,81
76fba8ff25f765b6,82
659f2ceb67eca1ef,83
28d433f78afdce40,84
9b515a696af2fc65,85
de3b1b82d0d51968,86
73efc0c9b05185cc,87
04d37de4a52f9e22,88
55502212504a74d9,89
75e907498c1d0925,90
d7b204d0e639952e,91
d43f7502b67fed30,92
45259f0bbe6a0b73,93
ea0deda66eb2017d,94
45ebad7a3829ffe2,95
cead770d848b04e6,96
965f045931ff3511,97
4d53e6e737bfb462,98
2963acac637dbbd5,99
4e07173c3bba48d2,100
0251520ace81bc57,101
425f241df843cd89,102
a8fa4ef7a8bc43dc,103
23e484585a3b5d71,104
26c95b75d8237f39,105
ce079e8f9a740a45,106
286001f675d5dc00,107
8b812c96165a1212,108
a177f57b92fd38d6,109
08620fa095caf8f5,110
8b70cbd7f8b9a2af,111
07e18856d86b7b31,112
11408b97e53ec7ed,113
ebc21a6684955a22,114
70f890aca1fe19cb,115
b14017a1a69a0f77,116
1d7afa1b244e70c9,117
d72597ae8480885a,118
4294f80b53ed0626,119
fff72beb69e825fe,120
7c0817271d2bac4d,121
0e67ad367cc214f9,122
55f8a66f057a7e76,123
c9713aed1d68c5b5,124
34386eca594b7bc2,125
10fbfe48f770e0e9,126
b49bb8ec9c2b8481,127
d53c7492541ddf04,128
0ea21bb9feaf46c8,129
7847d8ac0b934e51,130
7f379545e1a00569,131
ffd5ad5244082694,132
a1876cc9b46ad8a9,133
3c8dee0bb6862a2f,134
48f3b448f7e084e7,135
e8770ab728501d5e,136
3e7bb2cf2e69cea9,137
a879650fcf667a1a,138
1d7a6d91194a36ba,139
904af72639b6305d,140
5aefedf2749deae0,141
32cf03d671ada340,142
cc5f618ffe1b885c,143
5e85f62bcbb42ea2,144
5f6525508e7e07b7,145
907887e993cd158c,146
9aba48565107d1ce,147
d3d1f09bfbdcc9f8,148
38564e955cd5b4ff,149
4d3079ffbc9d8b82,150
10679edd0b99c8ae,151
923f5c94b00cbec8,152
f5bbe9d934a13b45,153
6a41e1519e35f8b6,154
711c06ee66bcfbbc,155
3e5dac248f78dc9e,156
3f76fd90abf08eff,157
d781198448d13b91,158
6f9195236e54abb2,159
7359cc3869bfa070,160
65c65cc462df98a6,161
faf2a946fe3f36e8,162
8729599aff791a54,163
6ec64e7d27e0c635,164
8bbb60c66212e3ab,165
fed24f8d421994e9,166
6c3ab8779da552a3,167
9dda9c948a200cfa,168
57b75715496bc9d4,169
91c5864b64fdec2d,170
324cfd60944fda77,171
6d95afeb4d968b91,172
a4d04413ee4b0b24,173
aeb2c3dc4c20014f,174
52a1f8e122ccad1a,175
14cede486d408ec6,176
32cdf8385434f0dd,177
3ea1501e8ebd647b,178
ab1bdad8537b85cd,179
43b4c6b6f9de8346,180
9580a525da7618e9,181
8d9ec6e3f0500705,182
46592c29655cfc5e,183
b83dc89a78927029,184
ad1cc7894c991bbd,185
7e860acda8697471,186
8af6cdc91a12dbed,187
966232bc4c111693,188
098f6c9a83e4d045,189
dcb76def3ced9d7b,190
fd32207d8c5795ab,191
4fe2da53074027da,192
f62ad414720a6b8a,193
8aadf4d7f7355fb6,194
baae1c5a760d191f,195
06630624f8af0d31,196
0f71aee4e0c51f7c,197
7de92abeb686999e,198
fa6ea81f8219bbf0,199
054733ee9380e302,200
448612b19f5d689e,201
80e613c33b8c63f4,202
fd36e316dcb24909,203
5e3204219e25bd7a,204
8bc7477c0f6b0e13,205
e5b37867e3d97548,206
20ba2aa7e96473d0,207
3fb5689cca9a4010,208
435f11927d19aa68,209
a6d416e8ded4c7a8,210
61886240110aab5d,211
5e7c4c10a3ceab24,212
7b6a8414a1e8273c,213
4bdd5803ef48637a,214
c0646913180bb21e,215
6a2729f6b5b31a85,216
4234a6f798992f02,217
9f91bf4f7366cf24,218
f144c87d3373f146,219
0622d28085b371fe,220
acb2effa0bc07b87,221
95db81fc1f3cc3da,222
08a5f5f58fe5f586,223
0b33fa0e17628ec9,224
125727449f933df1,225
e70a3d1b641f8e2e,226
e62e0065e9b86a49,227
0facb05a7fa521b4,228
dbf8e1667c0aa209,229
c0af13494532539f,230
727db62f2cfff51b,231
da8ef5de1e8100ef,232
08245c18359694b1,233
18e0a2dad5e127d6,234
a9e66e4908fb003d,235
3411e4e6add2b8e4,236
fd039ea79b82e1db,237
e0296de8d82b23bd,238
b95924b16fcde96e,239
27c65bab4f7ae58b,240
daca00e89ba40904,241
0173f00226fa8137,242
b6a35b408e72b9f0,243
5d3e461f19869d08,244
8d8f0c01bf0cac1f,245
c6a2b608f6b18852,246
c025bf2a26f450c1,247
e2d0ce90f7f26344,248
58e4d4366fbb779d,249
eb1c02ce8ab444ba,250
6d7b38bc199f84b8,251
c874cac3b31f5875,252
0fc22f37330131d5,253
7d24944f85bb46cc,254
59ec55c0e537bfcf,255
479ba4f6b9d42417,256
b1254cdc6499ed9f,257
9ad71a6ac8fa41c7,258
2b51eed75e25e273,259
006551bddafadcf6,260
1c184b6048a2d34d,261
2959d31ddfd05d84,262
b921e7bf238bd51d,263
ab3889b54467957c,264
a9fe00d3fd8e2470,265
a06755ef721aecb1,266
414683743cd45e15,267
b10635eee1e40589,268
c233e2818754f073,269
d2be472870f9e984,270
1664b73354b95b17,271
29e152445f812290,272
4555b35815f98db1,273
7d91ba6484e403d5,274
acf1b8567688fae8,275
384985f9c996a5e4,276
94c4f1597923405c,277
53074bfae70ef7e4,278
a5de86974aa0d752,279
f1486b4e48d0d648,280
6ac798673d9d7ced,281
208b37d3a140beb4,282
5ab3318dace74797,283
aab8b2196708baf0,284
675f4fb2c8518346,285
22dfc0354706efca,286
d89c23ccacc8b288,287
14e08d1dfdb01d53,288
9293c14b558d8161,289
8942541392665bbc,290
cdb0e394fabe58c1,291
8cb0820eb317bac5,292
06f903c836d4c7fb,293
a3be4bdcc06b3832,294
70892c849d5a1cd0,295
b56015dc2ad267f2,296
a20a61eb8a15542e,297
5f12b00bb46b5df7,298
1d3c9df13cdedf5c,299
f758305935dae6d7,300
a5468c4656b6a9b9,301
865b0a53fafacfe3,302
857761be90b935e1,303
a1ba4a35c443ef18,304
afa77d50f8c04467,305
2756b06ce2146424,306
158e58a7bdd8de04,307
59cd02ce7a7a704e,308
74120d321717e2ed,309
67086bf13b38c1c4,310
daaa4f5cca620546,311
18bfe9bc49fc7059,312
4ca32b2592ab73ba,313
133172ee60755587,314
d6077bea22c37892,315
9cecb1d759459cc7,316
55227bd84fac5b6b,317
e72316d231750686,318
24ebf35cceb8e6c0,319
4f58ddbcdf9c22bb,320
167674c0d1c74e8a,321
852e4058527e824f,322
2ba1b3328c6d0539,323
612e2e5ddd0ef6ef,324
fd7c63b1307d230f,325
d05e3fd030a16224,326
c9d579a436b69756,327
19987dc91ce7ede7,328
e86e991988904007,329
9e6ac7add787591b,330
045cc01821506a18,331
5489c9861b900ba6,332
aa3d4f419a86a49f,333
0d890a7de73c8ec6,334
836182333fe1d58b,335
d32668a093f9323e,336
43f46ee16b905dd0,337
d7d7a2410b3571c0,338
dbba730cf9e0bb5f,339
aba15102c3226d3f,340
27b9b0afb08d89ea,341
57ea2b1081697708,342
9e27c1ce142f4886,343
b2c45ab4342b69aa,344
048c34f69421d63a,345
25faddcb996a6351,346
2674baff591e5b9f,347
1b783a9435b12ee3,348
b2cfaae2baa9b3fc,349
2c63103739b495bd,350
0438f14b91725173,351
3465a0141ffcb3de,352
5dd13ba41dee36b5,353
39903a888b603dba,354
cb7066792bdded8d,355
bd08676326a7951f,356
a451b163d5c22583,357
c769c17a32a82c20,358
7c0398f32cfa5fbc,359
8eeb5073ac75facc,360
e6e26099d4b6b404,361
f70e9a8537f899d9,362
4f185875876e7356,363
11ab6093d726ea4e,364
e1a64fd737ccd6e5,365
ae59819b87dc8f02,366
b65fb03d454895f3,367
570ad2fd42f0ea60,368
d75c2a5427c5085e,369
9450eed9b6fba4ba,370
d37e91e7688cf0f1,371
c15e8abed03677ef,372
2019b456e69d44b4,373
5c771a2d360dc3d4,374
f693b1d35513a1bc,375
9785cfcdc9c40689,376
ee665e1938ce03b9,377
33bad34cf56c89bd,378
dc86d74ebfbdb382,379
35dd808e233cf50f,380
ac328ad89ad898d4,381
204814981f956907,382
3cdb06aa24b4d19b,383
64fb2566ad8d081d,384
c3d6ffdda2e9379a,385
326374f1cc7aed56,386
26dc3a7dbe54893c,387
cca7b262e30a660a,388
59459a84330d2cda,389
8fa7cb7379eafa2e,390
cce53f09410ab5c3,391
77bf7d4d9b802e5c,392
a21aa9484e20a227,393
4f9a9e8e14ac9118,394
f07bd6b5aa7390c5,395
2c74b2de6fc11b1b,396
7d8e1801f1b4dac3,397
59105632ac540ff8,398
7.78E+20,399
e141d8482c08e661,400
7cd6cfa712d23d5d,401
dc3337a90a231280,402
41cdb3b79bdb4743,403
85fcb2597bee89ae,404
fbd08cff60ed0c66,405
8b1fd9d37a2ba75a,406
40e0ba61376a77cb,407
1219e2eb2c8541ab,408
2ed2beb267c554dc,409
068e1dcc0ff293b2,410
cc437020c5a9164a,411
30599c8d910f507f,412
dd41f683e95db739,413
eac44bb5aa9e107c,414
f94b20a111c738bc,415
c50773549f130cae,416
29f66142f6e0fed2,417
638370113f88e004,418
fc13509c6477c83b,419
6577027716a2b329,420
90662dbf3f0d00ca,421
781e937e1fc49d1a,422
974b36af82ea68ba,423
6ac4653b5b940572,424
d043aa9b61151351,425
f668acd9f93babe5,426
2cc20e046a3afb07,427
a25d81294c96b4d7,428
2a3485b8b33b1250,429
d7d1717fc6232b86,430
50253c16f58cb013,431
45e19c78c91c7f75,432
d8cb09b1f7696f01,433
e1ca1935242d2941,434
7c7abc1b633a7e4f,435
00014449a0541424,436
340dded7d8e317d5,437
a058d1af60c38a02,438
9e96353414d104b6,439
160f89545fa5b7ab,440
6f573e47c5f3c93a,441
b986821e6ca127c4,442
57fc220971609e92,443
291f3751b46c8e36,444
bb244b8bbc3852f1,445
a297fc96a4c01bc7,446
f2fda1721f45d3d7,447
8f3341271dd8e752,448
95aecaeab7d20366,449
9b74ae4f84db9cc1,450
93691734b848be16,451
49f24d3468f79b3e,452
867b8d60849a6d0d,453
a251ca6ca228aabe,454
56748fe51b6de701,455
b99d33198fdc6274,456
11e40e80f759eef7,457
d0db7925b1db61bc,458
180caf5d62071d6e,459
e385f6ef38fe65c7,460
b762b4745c29f827,461
3791ec90b9201c4a,462
22c6066c62eb8db8,463
57335ed6ba7ec88c,464
96c047d699191ef9,465
40d9b17d7127bc27,466
27efe455649ee698,467
553faa84a215658c,468
918c63b138bd9b36,469
7cee13db00c909f0,470
40462618eafce083,471
54de6620096653db,472
e2a0741ee81496b2,473
edf2cbb012ca3165,474
8c2ec38f705290e5,475
27783680caf2fb54,476
f2a3308e8a3e0ea4,477
c46d6fdffe8c390e,478
c8125df23e3d8399,479
8931f6c2b1c8dabe,480
c50186e912ae7eca,481
8935de94ebd79f4a,482
9be81b346729be01,483
2e24268c4006b20a,484
2cd397e1872c2a13,485
b79ed9aac22dabb8,486
a517faae07956e98,487
f9e16f71610f2bff,488
6048ad1714cad1be,489
030abce42f870949,490
7bab1a9d2a1fa277,491
cd64259678e6ee3f,492
117ef62a5f86ed88,493
f4fa0713a93d0885,494
3604e00ecbc76106,495
2efbb2251d4838db,496
29727ccc07c5c7f2,497
69ff12367fb50ccb,498
9ccf456083df941a,499
5f2a971e9c5a1797,500
9b6ddc45d30129e2,501
8e5b9285f59b156c,502
9f689b851e2b187d,503
d48da28cee63fe3d,504
663f8dc0a85f9d6d,505
387a975922548dbe,506
f71cd529b1072676,507
708f76eec95921ed,508
f45a3dbd147c2323,509
929f10f8040e2ca4,510
51bf7fcedb18f15d,511
7093e391727367db,512
2c85a2ea2f9e611e,513
e063f6ab7a00925d,514
60c1cbfd93eae4ef,515
784eead0f87cad91,516
a57eeedafaa1aee0,517
94c6989e7dedc199,518
3bfdb0b9133281be,519
c813fd94ac8084a3,520
236dec13a662098a,521
22948b6ee6a5aea3,522
0d64b71426420f57,523
06312b1a5d2ee5a1,524
8f18a2d75a22f453,525
20d344eb2295f7a3,526
f77f9d98a5231462,527
e6ee41aa9b39fa23,528
8f13f768eed4d09b,529
563468ff37d56306,530
9a3b01ed309321bb,531
5ef837b87a38262e,532
8b74b56dc52ffe37,533
4222cafa36341635,534
2131ae3296f8bd28,535
ef863d5d9813de58,536
438b7c174034012b,537
e354ad41d7bab36d,538
0241eb635be73ac0,539
433ddca6d0ad2a95,540
f44356b154cbb59b,541
e791f544ddb37cd9,542
f601c504af2e4151,543
c086ce49e5ceb2b2,544
0336a97d0d36b97f,545
f0ddda1854be8413,546
07363d38a5a69f43,547
8db08b72f6a1fd3c,548
c7f7cc5b1f74df67,549
1cc21aa79b1834fd,550
c3af67213ef481e0,551
2da6725e8e3f9d1a,552
1d1ef1c291bd1544,553
ebe5ecd5dcf1c0ee,554
fb93f93d38443f58,555
30abd3ee05e3c11c,556
99800a7a67ff1c10,557
5c0decce0a4334b6,558
dfd78c76fa025d09,559
cc7935d36104983a,560
827ce8bb179f8d98,561
61e3d118994d8249,562
97254a93a6278526,563
809968eadf2d81d4,564
c53db90abbab341b,565
164bfadaaebefbdc,566
bfa1dba4c362ea33,567
e7b43fe0ffe342a3,568
469170ffba960b41,569
1a09d7bf97887dd3,570
d1a4f191822c66d2,571
c707b736de837d38,572
366684b779574e86,573
e9761b362a00960f,574
0451cbc9b9ac72b5,575
e791624cff8e291e,576
752ca8ef6b4c60af,577
191204e2810acaca,578
7ae73e390dad59b7,579
3b94e03348cc36b7,580
0329b01bf5b2bdf3,581
4dc4e8c1cb7e1358,582
87d913852986d740,583
78f23f457f413155,584
cf76abf10c75909d,585
891a46520dd13854,586
3490fa498a184f37,587
46d208e519efb002,588
9fc95af518af1801,589
f1347f150cbec54b,590
3c4a109d5a09f0fb,591
58f940847f4b244e,592
95f614a13ca083e4,593
f7a3c83f2aea2118,594
6544f8415783245d,595
b5da0130a2764b1f,596
34b4bc53ec57ea84,597
dd082df28e519758,598
3260268fea77c3ca,599
2c1017753a63f359,600
37f74e16cf97a332,601
deaee6a7a94e0520,602
b9ba336b50268f4b,603
f81346a7cab81122,604
006f898cfac64dc4,605
7070c074fcc0fcab,606
4568188fd5cfe171,607
44e86b635ba936bd,608
1794f41785881346,609
81203ad24a610fbd,610
440da47514c8033e,611
0b0e6ec4e4b377e9,612
078b6447a9df1fc7,613
df356cd3ae4992b9,614
9d30a5084bb05d03,615
66c8cb2fd128c1dd,616
b58856f51b70df99,617
4c172f97dda4a253,618
5059e4a6e68d19bf,619
1daf339d477b527b,620
c8e049a7808b8bf7,621
ae228c88e64128ea,622
7d9ab653f2800c55,623
ae2492d6136c955b,624
493efee799bb536c,625
829f20ae452af69a,626
545264b3b241d7a9,627
0ca565d87af18908,628
62c1deddb6389b05,629
fa277b25330adf84,630
465fb9f2790be5c5,631
ee9851ab9802ed7a,632
648428d68e9a6265,633
67a1371fa64b68e9,634
650622546905d47d,635
95ec5269b00989ea,636
4258057ce615b031,637
a1a634218917004f,638
d1403f275b7ea68c,639
566a8b1cff4c7548,640
c07ede86c51d62e8,641
7043565902d06976,642
637cdfa002c131c6,643
a1ed3bbe1e205015,644
39e4c31804c51294,645
57b40a0790b35847,646
2386c50b38ab4959,647
bd0d515df48cdaec,648
d17800e6bccacf83,649
793d07e8c0d2cab1,650
1a5e17b6aca126f0,651
5f29d1fd86854a1b,652
f62aa336d99c16b0,653
15bc5ed2333a8c3b,654
1ea67e06be3cc2e1,655
53b333a82f35eb01,656
6b92adfdf8765788,657
62231d1d90f6fa1e,658
2219c2adc020ff65,659
feccdffacb0c9349,660
e265f86533c95051,661
b9b11cc611584fb3,662
a3c4aa45beab2576,663
640e02360edc990f,664
8688b09e50ea55e4,665
075347096ff8c37e,666
af21bade70f69323,667
df19ddd4c4bf38be,668
6a3cf2b8878c5356,669
168b6ae3b48e3e58,670
e9875382d9263132,671
15c45523c6d14b8b,672
08910dcf17253164,673
56bef931cf4f72d0,674
08ac7f545ee91d80,675
711287a967051966,676
37b301bac104bcbe,677
4442579ed506724b,678
fa6fbc73e0867f3c,679
84afafe15abc2bed,680
a075b319b3d172b9,681
777d21dfaeed1318,682
c4907c481f3d237f,683
ca7d83a7fa920e04,684
0f8f6e1babe6b720,685
888304da1c716f8e,686
3927a92a10f65b91,687
6d5db22ef9efffc4,688
29d3e93a56fbf765,689
6c11be05b28edd6c,690
64a7bb22217194fe,691
20fd1ebef9795d4f,692
4874a3b5d3779dca,693
fb68b4c7862fa0cc,694
7a56118d38127ac1,695
880a5cbb626d2011,696
bc30fbc3c6897b24,697
49f80881a664fc21,698
7a66b13dd8598e61,699
4401e08288af700d,700
f2848e329711dab3,701
9d08d49c7c392888,702
45c4c818442560cb,703
beddb1944854cbf6,704
ad00adca9d7194ec,705
8d23f01b30336fac,706
13c9505468d13682,707
b036c577445e8155,708
e3c3e59caa291555,709
20e23858ea3e9467,710
53c39ca4f50093d1,711
45ee7057d5093577,712
26a8ce40ac656142,713
2edcc3893a8afae2,714
ed06bed3fa86eb72,715
3ea7c298c439ce91,716
d54f510024e66635,717
041c0b49e0a3d11a,718
f02577a5536e1a60,719
126573e1302ba62c,720
8121d1d441efeb6e,721
19c9320a9c5f841c,722
c4938bb070adf11e,723
7c79524f1dec180f,724
67f9d55f2c191699,725
6c2f00ab338830d5,726
fe31d4cbc64eaabf,727
6fe6647498e68872,728
e28c7740971abfa9,729
bdc376ad3a36bd8b,730
00af4811ef54e51c,731
383ccb569ee70801,732
279e2f711e5c095f,733
183d806fe15ceddc,734
dbbe503a6f912172,735
56b138b16a5020b4,736
70d627001096c47e,737
138eb7c350ccd13f,738
a5ce71ae1df08134,739
b04d45f4bf770612,740
032b87fb400e90be,741
09be89cfcce68dc7,742
8c2136a852483644,743
6bf69a6f7b8df7b7,744
d7362cf76bc0ef35,745
03b7aac7634066ac,746
24e0028f3d9e933b,747
4ce606a88efa7d06,748
6fae6c8e34d98bd0,749
5c59378e95e1e58c,750
de3c741db46e45c0,751
a10b024ec399e99d,752
e9839e06dbca8a21,753
491cef4dab9464c4,754
25a5dcb467dacca3,755
3bbb926ddf05c27a,756
15ae582046ef49f4,757
79f9dcefcb989f6a,758
9f5fc8c068046d50,759
6f42b1a7eb5672b6,760
2d87908c81101712,761
2e7790fb148eb91f,762
84226ef90b537a33,763
2aea0e893281f5e1,764
276b73dcc8c42154,765
8285124a300bdedf,766
2a19000bc75c0782,767
69072dc0ff492888,768
417485a40228334d,769
39a97d03e69b870b,770
6d5ed206d296e26e,771
81edc5a52dd2f7ec,772
3d747b741728b6f8,773
fad28b91dc09a041,774
8d41b1931e701264,775
6dc1951ba7625e41,776
0546046e7adeca26,777
c82e369b90aeb307,778
8f18e0fe21660025,779
11d4f6cb13256a9c,780
e7438dee86263084,781
6f492756de813a57,782
4a806ef3daf316c6,783
5def1826eacc4fbe,784
22ee6e490ead5fb3,785
54d296a59db1bc67,786
0f78565951b26289,787
4471837f37c03fb5,788
70ffb3e0e20dafec,789
c49822920ba3b2b9,790
a6931a313b08e96c,791
c030fd9340229a53,792
94275e254efba632,793
b6806a6757218075,794
939ee1556b787b8f,795
75656542ffb8ab7d,796
a35f9736cc9c5400,797
29b5f5f5db2a5ada,798
a33972d4f33b0cf1,799
3e4d7bb98b47a823,800
531aa5f857db631a,801
a99ab8b0a55131d4,802
8a01092818b4ca31,803
d30143684dfcc4ff,804
7244e70de63c3992,805
18a8aefdb4589bc6,806
8cd09a1e6b7707bb,807
06b1f8425dbedf93,808
86944dc5e56e9db2,809
54a9c090fed505fc,810
9704bec37c49c4cd,811
68ce338f3f257002,812
bcf619ac719846ba,813
e2e73d48b1680ca8,814
27d849b87f30c528,815
257665605f7e11da,816
73da0016990ebc35,817
bbd2173cb6e91f11,818
5e888ac51528ea1c,819
41258f228854a833,820
cdcc6668c5c22115,821
9b8d2bb9a2c9daac,822
8d838059d68f472e,823
e103876e5a424ea4,824
d4c799b3af128549,825
8c74b3a7559b0811,826
562c841814c13f86,827
a17e220fa4b99a39,828
900a327ca4fa5706,829
d461e7755a350d3d,830
96d50df09ab90ea6,831
2fab28456c0cae66,832
8e40cb46592d9549,833
18478b16d0f64aae,834
40220d2429f44b07,835
ca24b5d4272b9c13,836
005d4ee9b6d9c993,837
e8fd04ec8de6abb5,838
81fd36a481442b9f,839
a5d26967a63e5549,840
95ecf91c03f4ccb0,841
ed3ec302312555d4,842
acc7da316bd5a6dd,843
bdfb261ff5cb065e,844
6dbb5991ea2ae41a,845
dee61ea90162d87d,846
1e4b6520c2502265,847
0bfe98aba1d79ac3,848
9ceb4abd14dc3b51,849
9bc17bd74a519192,850
80eb0a91e2f0e395,851
dc97e128e6479e25,852
f22a848bd1f5a4a1,853
742001aad5490bfe,854
661b2b0ec8c7f68d,855
c3032d2a4d915004,856
47a8586b798a2ad3,857
4aa235c204b5bcc6,858
b4a65d4835a06a39,859
271067b56744b9fe,860
95aa5f20dd6810f4,861
77c995ae877308a5,862
5f3425c78f6bdc03,863
3b529a841c6eedd1,864
9bb0c50e09b523ee,865
3756ccaf27c9f502,866
10542da18734d8d9,867
a898b47618926955,868
c1de788e832e5c47,869
408f3634e054edb2,870
0eb48cf6d7bd6431,871
c89fd2150e228c50,872
cce106e6d974107c,873
eca786ea1a5e2556,874
1607029d9d9f9633,875
a83f4e9076a7229c,876
623e7282bcd99462,877
29b6b730bf145e89,878
b72f207f60081ed7,879
69fe48c5c81282c0,880
96c87a9e50a0b36c,881
775022a81c1dc8a8,882
f12bb030cd35b637,883
3c072c9d3c02c1d4,884
9ba933ae03f8bd11,885
b24b38b670e17e1f,886
4bd861292545584f,887
df383565cf880783,888
f24a426ca242f42e,889
18a3096509e2859a,890
1962e354331e99a0,891
14f074c32b557341,892
1a7b67571538f9bd,893
42ca46c87d50f46b,894
5623dbcf139e8d34,895
38badd9a94f2e529,896
004fcad83342940f,897
d414d1e461021bf8,898
ff665f6ac93c3e02,899
376ee94969115dac,900
127df5e318d03214,901
7b23d0f53a5041e6,902
69e786351bf94d3b,903
ef71a793424ddb21,904
5f71577010821478,905
cc4570b51a7b565b,906
7fb479a085c9c322,907
3927fb4cdabb3eb4,908
668e9cd9f87e1678,909
d63d546b18c3a901,910
d5c758c82317e1c8,911
a468fcc32f9dd2a4,912
1e8a176bc91a2a98,913
6dcf9e2e002cb2e3,914
b343a3617c78dc39,915
79867e444fe2ac73,916
7dda31a6d86a0ef3,917
d42bedbfa0126320,918
5707ecccdf51de55,919
ad0938150761f388,920
88441cdfc0acce31,921
9910600afdb306ea,922
47045cb9af01fc44,923
06a552272bfd3cce,924
4dfa6f2c08362816,925
c4921e580b690d72,926
a382041de1bfbd00,927
edc3da63b2b5823a,928
16393d1c276bb0e6,929
5f206dc26a186823,930
afbb8a28dee5b1b0,931
ccdde8fc3423834e,932
f06d30e515b32a61,933
6cccb5478e995134,934
be3f0648ab730014,935
401cd591f978d5af,936
ff4ded4f221d0b9d,937
4f62ab26f9d42aa0,938
31d1562ffcc1c829,939
bd8d147b207d804f,940
85fc279a635f0e92,941
c39e1216f40ea956,942
eb0e84f1453421cf,943
e8c2bbf12c3fb8b6,944
73cda20d4318d2d6,945
cc84ad59136ebe8d,946
6e0edb462b279916,947
3c94065439ed6ac3,948
30cb79bf35f842d8,949
6bc9bf24a11b275b,950
94934291b90aa6f6,951
8aed5689f55665e3,952
7aefd951c3d169dc,953
3a69f6b2ccdff657,954
4c0428b5b54dc8d7,955
095796fd1f0512aa,956
769f67a87e3374e3,957
c38456afda0d7324,958
6813eed0fad96bde,959
07c808a7b3a2f205,960
fd08466ee874bd41,961
9d5a475140185f61,962
994235bca821303a,963
62567a21ffe9b2dd,964
b7b190ed750b73ba,965
f456801b0ca22001,966
cb6a6f7801d17e6a,967
994c5f28374c0087,968
f15252c6fd746260,969
300e07489a1f9591,970
2bc44fe496fca3b1,971
88ba102a098f38e0,972
d892d2bc59892741,973
639b912a4e75667e,974
0af8b2a74b8fd959,975
1f92472ce4d41793,976
5349fe8cb32ce67f,977
8a5f42945784f3a8,978
93ede39e911e6bbc,979
ec6b7862615ece31,980
2d140d90f868c859,981
472f36a2d2630f17,982
857d7dec211c44ba,983
506210e942b5286d,984
250f570e694ed64d,985
4d05cba9e295f377,986
4a7106c0c39759fc,987
805cfbee7ec47e04,988
c73ce3933a518fc9,989
42490c4203f5d4dc,990
93c2b432b22da096,991
c95b0f5ab5560346,992
ad90d61c7d08ee7e,993
2bd40d5d2746d586,994
1079ddc30e03d3f7,995
ab336859bceb3363,996
b8dc867b6dd40209,997
69ef77b6b1e736c1,998
32c6fc0efd61b092,999
e330d6cb9768be80,1000
b2e2c99dfa59357e,1001
e60a3ec8a6df3829,1002
8a5512e0a1a5ead9,1003
9ad201416bfbac74,1004
306fca0cd39bda89,1005
220a626805d08f28,1006
9f0b75f4d12798ca,1007
3735266350f3ec22,1008
731c2b105e8c5d1d,1009
3e21da2a7ff740e7,1010
285bde31786ebb14,1011
31bef355d7f528aa,1012
b8c4d2496781956a,1013
b6153b5f2eef74f1,1014
a68f09d89b4ee97b,1015
3768e03313fa43bc,1016
8b42685ff7235fad,1017
34069aed2fa07dd4,1018
bf0f60cb6bc59968,1019
c74e66ac0fb1e076,1020
14c694b32b06354f,1021
f7cf70665e649cf3,1022
de2701d50495ae05,1023
e70e3daca13b1d70,1024
467765dbcc340e4d,1025
8332d1b5b7e471aa,1026
cfefbc3db8f4bbf4,1027
ae65a3024757f016,1028
6a976e3b03460e7e,1029
097f316c6a5c5cf5,1030
f342e4837c7a1d28,1031
3ecc561a1dcc0d7a,1032
9c41c4aaa5beca6d,1033
25142e063056f5f6,1034
e082ffdb9256f94f,1035
ac5052e55fd2ee02,1036
49a6260e38c94246,1037
a0c493d53259aba6,1038
f46e2f57e11bacbb,1039
4bb59a5b47602c86,1040
657189902227377e,1041
98f65dbf3fb63a48,1042
58ef6245e15ba741,1043
d74e999dbab5c0ba,1044
a6559e8a2a563442,1045
f563fe8489cc7b6b,1046
3ccbec0a50cae237,1047
beaa52b7104ebe8a,1048
8a687f44bfa216cb,1049
78f3147ff824ca74,1050
80cb1362044c994d,1051
41f843af139c4e68,1052
263b0a857aedd09d,1053
c3a35074b549757a,1054
3d1faea0e85f4477,1055
2cf9d6823e68c36f,1056
379b21a8e3eb6d82,1057
f09c3bd1c656608b,1058
929c12069a1ee0ef,1059
9a7e5f99d98fd691,1060
141db6de70a2900d,1061
19e580ee3c395210,1062
77c61e87d3cfdb1a,1063
49427831e0d9877d,1064
af09844becd25710,1065
6a2f185250739a8f,1066
e68e09a4b35453cf,1067
d5f9f33498aad08d,1068
ef720b867d38863f,1069
e049d8cee6f69438,1070
1ad05e57aedcd026,1071
893c3fc9f80377b2,1072
c3354d7925de3d22,1073
1a1ed1c01d6bf02a,1074
c562e3e574d91869,1075
737467030ce283ca,1076
04dbb61149fbfc57,1077
0858889f33d43903,1078
8d1dff872c2819be,1079
ffc7defbbd656390,1080
47d9c6c1d5e5c875,1081
cef8c8bb8af2db00,1082
c9566f6d5ab5d514,1083
7f9615bbd54ff920,1084
1b97729f4863aa9b,1085
a923e8838777060b,1086
8524f64bb8355788,1087
9cf1f5c1678e91dd,1088
ef5dcabe994c349f,1089
168dba7350c82552,1090
010d99944600fbb8,1091
08870825bba95eb5,1092
6de12aae081b1baf,1093
da83c8a26fdf74c5,1094
f42b2d2c5cdc0ede,1095
cfb8211c2a48329f,1096
03c00c77dc5b96a0,1097
f6680e81943f9a9a,1098
0d61f1552f65b9a6,1099
9759d1c007efec1d,1100
6f22c6e3d818992e,1101
bea5faba6b871cda,1102
69e88ade9e2a9677,1103
a3d7ca6efd0f780b,1104
37dad8c968a6558b,1105
690eeeb4d03edc8c,1106
adbf0a01875a85cc,1107
f93b8023e555d4a6,1108
dd2415b17a1cc726,1109
779aedcd36e10507,1110
e60ef763fa574529,1111
1e23401cd8ef9b71,1112
8cf4105cbd9e04b3,1113
7e45d6b83dcad55f,1114
16e7817a964d45c0,1115
ce6db908516e7de3,1116
da0fbfa9430efab1,1117
12bbb581a25c2c61,1118
1725eedf1eee47aa,1119
3ac5b3b0aa29d5bd,1120
9a6612feb27fc6c3,1121
49e3302b1849b0ae,1122
9f550f37aa7c249c,1123
7c19cacc38636568,1124
ea419828e52d776e,1125
c3097afd1a2d3162,1126
4460ba7949976a4c,1127
6b9403376189e769,1128
f24eddfdadbc0a16,1129
4904ea828ea49f67,1130
3bab2a1e466b8943,1131
6d9c6d1f252c25bf,1132
360225a90c309b6f,1133
7d717f25a05d3be4,1134
bf2f59904e65f1e3,1135
85957bca2ad6eaf3,1136
dfe7623e32e6cfca,1137
594fcd6fb2c5011b,1138
7cd308eb4a41e8f9,1139
78c5dd96b18d626f,1140
2f04db44488919e9,1141
8a27d460ead19b8c,1142
9f07737834523db7,1143
cbe0e3ba692d0c94,1144
0db5a0c94de959fc,1145
561820462724ae3d,1146
29d78102f97a3483,1147
7fa8aa2017ac2a44,1148
f723c55330287bb8,1149
cba4f9506ffa2e0e,1150
a522fd708f58d28d,1151
a905b0e538c5e9d5,1152
0dfaff850ca371eb,1153
7bf01240f55d9474,1154
cbf292126b98f882,1155
d7548bacf0211d68,1156
5971585339865ab7,1157
4fb32c445518a1aa,1158
a74d03684126dcb5,1159
e983eb6cef22e16d,1160
f4201a4d38eddac2,1161
7291a4ac8e203122,1162
cf9f07aeea006419,1163
fc8cde8b35e89ba3,1164
57a516a38b25458c,1165
6174b032b3a70f5b,1166
d8fff600df6b3ea9,1167
ac7f3acb2e452839,1168
e5c70c8f2cc34944,1169
c5fb695bc57a7253,1170
364489cf5859abf2,1171
a172921b65bc8ef8,1172
2fe11f63c5070fbc,1173
3802f31cd72330b4,1174
21ddbf3ca56e748e,1175
93ef8504e7573ca9,1176
69aa8a7fe7090d8c,1177
bce1cc31d29bb2b1,1178
e628e938571d4037,1179
29b1aade49509e79,1180
d8bf74b9f7a5d230,1181
d6dfc74fc72b7aae,1182
b9b00868f25cfc34,1183
c92294794ab24076,1184
ca81ad2b082caf06,1185
bebeb549527e9ac0,1186
4221ed9b3180e5ef,1187
0418d8360cadf6f4,1188
f5c8fb665f9bc9e7,1189
9949dfac47260c88,1190
9e2f3ef1cdb4482a,1191
f55f6c58bfb740f1,1192
5ce7b81f5e39f532,1193
def274881f4ad1dd,1194
49f2357247f7d89d,1195
796fef3f4397f6f8,1196
12923c4b2c009dde,1197
d5be17966ffb3be3,1198
5db1b228c9c67af3,1199
b2c49283c2060f70,1200
cd1471adb87e8b48,1201
7944293cde711d34,1202
5e1ee705def5ee64,1203
4a1c59bfecc91922,1204
bc9cf6267688568f,1205
2e3c6c73dee3a957,1206
ce48d021a35d9580,1207
fabfdd807e09f78e,1208
3e58d6f2ba4743c7,1209
b7fc8e21bccc89ef,1210
03f695b30470d8a0,1211
c24fba60dc14127b,1212
ffa10a5ee5a3afe1,1213
65f0bf03af092147,1214
c98118c5e0d4b291,1215
6e20930259086c03,1216
8703a41f68340e0a,1217
538e2748c9bcf420,1218
fd9d15133412995f,1219
a0993ed2e6bdaa95,1220
3c90c2be3f9212d5,1221
3a59b74df8f57447,1222
a73e6d3db86e683d,1223
94c449b2fd2ecec4,1224
98f838c6690f8f94,1225
f35d5864ec017b6c,1226
709061c007469852,1227
2aad27c0e5d3cc8f,1228
1249bbe625d1e7b5,1229
42e4a756b8bf17ad,1230
858ec540647ca884,1231
deaedb9266b3ebb8,1232
7c93ff1051dcb690,1233
a9ce9ec346c5b6f8,1234
2c353e1c39b2d174,1235
fef6c3a3b0e97012,1236
bedf34dd145096b1,1237
f37f3c8c1e914334,1238
3bca5094eab65086,1239
695e0387e5377000,1240
31985c00e3786e6a,1241
b87f47c495465aba,1242
ca1ccbae241e4d36,1243
136725ac143dbb35,1244
216e95df95d5771e,1245
e1e69602c0d39a61,1246
0ab72507e1e73405,1247
c0f5c5f8bab92919,1248
0dd0a63304c7dce4,1249
5c4ee9974e2ed68d,1250
5cb976480c7d1162,1251
3fbb319cfdc88104,1252
e475181306e5381f,1253
06c568f905207ae5,1254
9d66e1c6d55a467c,1255
e7cb40db539bbc4e,1256
b7367b19a7316b04,1257
2a41c99cf5eb1bf2,1258
7c526f073357aafa,1259
0eaffd05b8d8ca08,1260
ee47841ee565ff61,1261
16839406ca320ac8,1262
db19841169b89c98,1263
2121dd3feb8bc1a9,1264
87ba3ca6eee0a798,1265
6c1f4b1c549eff37,1266
40d2386a12d2ece5,1267
0a36572468699524,1268
220dfdc482f334de,1269
b5f62f8130f1a29e,1270
ef5408bb231deab3,1271
67025bee662249d8,1272
1206022b50c1a5cc,1273
6a0dbd6499b2cd0e,1274
6ede177fb7cb509c,1275
3c40da2d898f2ced,1276
ce3d81e078eb609a,1277
87574085eefc302b,1278
1a6aacdeff19d6ae,1279
20e60d76ce047f30,1280
c65f75dfa0502ed4,1281
1cb3b10cd8e5a86e,1282
5eb6ccf6e037ae5d,1283
803338d7e5cfb022,1284
ca050f2d3e4bcd81,1285
ea3c24ad4368705c,1286
69a50aa51f4a5998,1287
a89893ed311da51f,1288
8939aca0ae6cb1a1,1289
e1070c1ebbc39c2f,1290
d082a15775b56e44,1291
218200426e3dc290,1292
ca2a0507537a471e,1293
38e9b5466111e5fb,1294
36915d19937bf356,1295
f984f25a902075de,1296
b6a5bf21c49fdd3a,1297
f8b3ba9bc196b95c,1298
5148329ce1c830c2,1299
a442e78ab644e959,1300
22732b85341d2dbd,1301
6802b5941ea52364,1302
5f95bee2a5c166fc,1303
14a7f0f3672b83db,1304
d54930b8ed2db7d0,1305
331ee236be2ac6cf,1306
31c5b91d227fa3da,1307
0915ef880b743904,1308
352f57758d3d67c3,1309
a143ef30523d47d4,1310
24afebc432bbf0c3,1311
bdf8771075b33c2f,1312
d19ad2969d414ae7,1313
5948bbb02381ed5c,1314
d64476d1ea92faf1,1315
b4d42d62678062e6,1316
5146b8f5a47d4415,1317
745367d59062e828,1318
bfa2060c218bc896,1319
f5940141dadeb0b0,1320
f728b4da7a0ddf8b,1321
1fda675611007959,1322
a8435bc756257e0f,1323
d6a9dde928cff43d,1324
52b2b9d027b55d32,1325
7af6dc6ba90856d3,1326
433243ab27cc91d0,1327
3f7c30ee2dfe74fb,1328
bd050ea622c35c48,1329
d063fb7434821570,1330
f4961978ceb1d212,1331
3cea4476faba1071,1332
f981d48aa377dd23,1333
eee5f9ba016b47aa,1334
aed69059f46201b5,1335
a30616f47c8e90f8,1336
3acbecb454f4e9f4,1337
f55da2e8f71e3780,1338
0311fab9e69a3ade,1339
84c3f3cef4063060,1340
40e753714ba324bf,1341
572a1ac4762de349,1342
b85ff1a6cc96743a,1343
dac87ceaa257466f,1344
ef481b55f8221509,1345
d6a755bee1404c4b,1346
d6bc2d9001030958,1347
5bc0a2181a53ba34,1348
757404d9203a12f7,1349
6f5477c96eb26e9e,1350
1e530109ef3715c7,1351
4e0b47735b199537,1352
93d8242e58007473,1353
93bd1cfa52cfef22,1354
c630ac9f7cbc3dba,1355
f52408b1a9885cc5,1356
3977404f6120ac85,1357
c29ca8e27b2f9e3b,1358
7befbbed325e70be,1359
01823aea0dedf6b6,1360
2da83a369492732f,1361
ed55d454b5e712ab,1362
108591d3db4fdd53,1363
23dbcf729d4a4fc0,1364
e46d7de11eb9d92e,1365
b44404ea4283572d,1366
26727a48a9589d2f,1367
8ae95b7b0f20e81f,1368
466140a788289d2a,1369
88b0a0d0b63c792c,1370
f67b5b9fee90647a,1371
4ebd5d2e1ed5f6ab,1372
11c3da0a5311623e,1373
e31d51c5a4ebdf7e,1374
228f778dd96f4afb,1375
511a36667eca90f9,1376
